Data,Real,Previsto,Residuo
2024-04-25,5.158599853515625,5.145500183105469,0.01309967041015625
2024-04-26,5.115499973297119,5.158599853515625,-0.04309988021850586
2024-04-29,5.117000102996826,5.115499973297119,0.0015001296997070312
2024-04-30,5.193900108337402,5.117000102996826,0.07690000534057617
2024-05-01,5.194399833679199,5.193900108337402,0.000499725341796875
2024-05-02,5.110300064086914,5.194399833679199,-0.08409976959228516
2024-05-03,5.070899963378906,5.110300064086914,-0.03940010070800781
2024-05-06,5.074900150299072,5.070899963378906,0.004000186920166016
2024-05-07,5.073299884796143,5.074900150299072,-0.0016002655029296875
2024-05-08,5.087900161743164,5.073299884796143,0.014600276947021484
2024-05-09,5.1407999992370605,5.087900161743164,0.052899837493896484
2024-05-10,5.123260021209717,5.1407999992370605,-0.01753997802734375
2024-05-13,5.154200077056885,5.123260021209717,0.03094005584716797
2024-05-14,5.127799987792969,5.154200077056885,-0.026400089263916016
2024-05-15,5.133600234985352,5.127799987792969,0.0058002471923828125
2024-05-16,5.128600120544434,5.133600234985352,-0.005000114440917969
2024-05-17,5.102000236511231,5.128600120544434,-0.026599884033202237
2024-05-20,5.103099822998047,5.102000236511231,0.001099586486815518
2024-05-21,5.1219000816345215,5.103099822998047,0.01880025863647461
2024-05-22,5.151100158691406,5.1219000816345215,0.029200077056884766
2024-05-23,5.143099784851074,5.151100158691406,-0.008000373840332031
2024-05-24,5.1697998046875,5.143099784851074,0.02670001983642578
2024-05-27,5.17170000076294,5.1697998046875,0.0019001960754403413
2024-05-28,5.161300182342529,5.17170000076294,-0.010399818420411044
2024-05-29,5.202099800109863,5.161300182342529,0.040799617767333984
2024-05-30,5.202099800109863,5.202099800109863,0.0
2024-05-31,5.244400024414063,5.202099800109863,0.04230022430420011
2024-06-03,5.249000072479248,5.244400024414063,0.004600048065184659
2024-06-04,5.287700176239014,5.249000072479248,0.038700103759765625
2024-06-05,5.3003997802734375,5.287700176239014,0.012699604034423828
2024-06-06,5.2571001052856445,5.3003997802734375,-0.04329967498779297
2024-06-07,5.270441055297852,5.2571001052856445,0.013340950012207031
2024-06-10,5.352799892425537,5.270441055297852,0.08235883712768555
2024-06-11,5.3649001121521,5.352799892425537,0.0121002197265625
2024-06-12,5.401000022888184,5.3649001121521,0.036099910736083984
2024-06-13,5.361599922180176,5.401000022888184,-0.03940010070800781
2024-06-14,5.357200145721436,5.361599922180176,-0.004399776458739346
2024-06-17,5.423999786376953,5.357200145721436,0.06679964065551669
2024-06-18,5.439899921417236,5.423999786376953,0.015900135040283203
2024-06-19,5.422399997711182,5.439899921417236,-0.017499923706054688
2024-06-20,5.452400207519531,5.422399997711182,0.03000020980834961
2024-06-21,5.426126003265381,5.452400207519531,-0.02627420425415039
2024-06-24,5.3892998695373535,5.426126003265381,-0.036826133728027344
2024-06-25,5.450699806213379,5.3892998695373535,0.06139993667602539
2024-06-26,5.522500038146973,5.450699806213379,0.07180023193359375
2024-06-27,5.500500202178955,5.522500038146973,-0.021999835968017578
2024-06-28,5.591899871826172,5.500500202178955,0.0913996696472168
2024-07-01,5.65500020980835,5.591899871826172,0.06310033798217773
2024-07-02,5.67549991607666,5.65500020980835,0.020499706268310547
2024-07-03,5.555399894714356,5.67549991607666,-0.1201000213623038
2024-07-04,5.486400127410889,5.555399894714356,-0.06899976730346769
2024-07-05,5.471290111541748,5.486400127410889,-0.015110015869140625
2024-07-08,5.470399856567383,5.471290111541748,-0.0008902549743652344
2024-07-09,5.417099952697754,5.470399856567383,-0.053299903869628906
2024-07-10,5.414700031280518,5.417099952697754,-0.002399921417236328
2024-07-11,5.438000202178955,5.414700031280518,0.0233001708984375
2024-07-12,5.422800064086914,5.438000202178955,-0.015200138092041016
2024-07-15,5.446800231933594,5.422800064086914,0.024000167846679688
2024-07-16,5.424300193786621,5.446800231933594,-0.022500038146972656
2024-07-17,5.48769998550415,5.424300193786621,0.0633997917175293
2024-07-18,5.5432000160217285,5.48769998550415,0.055500030517578125
2024-07-19,5.520872116088867,5.5432000160217285,-0.022327899932861328
2024-07-22,5.570700168609619,5.520872116088867,0.04982805252075195
2024-07-23,5.585299968719482,5.570700168609619,0.014599800109863281
2024-07-24,5.653600215911865,5.585299968719482,0.06830024719238281
2024-07-25,5.643099784851074,5.653600215911865,-0.010500431060791016
2024-07-26,5.622840881347656,5.643099784851074,-0.02025890350341797
2024-07-29,5.614500045776367,5.622840881347656,-0.008340835571289062
2024-07-30,5.611100196838379,5.614500045776367,-0.0033998489379882812
2024-07-31,5.656599998474121,5.611100196838379,0.04549980163574219
2024-08-01,5.75059986114502,5.656599998474121,0.09399986267089933
2024-08-02,5.7266998291015625,5.75059986114502,-0.02390003204345792
2024-08-05,5.720900058746338,5.7266998291015625,-0.005799770355224609
2024-08-06,5.6554999351501465,5.720900058746338,-0.0654001235961914
2024-08-07,5.635799884796143,5.6554999351501465,-0.019700050354003906
2024-08-08,5.54610013961792,5.635799884796143,-0.08969974517822266
2024-08-09,5.50629997253418,5.54610013961792,-0.039800167083740234
2024-08-12,5.491899967193604,5.50629997253418,-0.014400005340575284
2024-08-13,5.455699920654297,5.491899967193604,-0.03620004653930753
2024-08-14,5.468900203704834,5.455699920654297,0.01320028305053711
2024-08-15,5.484899997711182,5.468900203704834,0.015999794006347656
2024-08-16,5.47130012512207,5.484899997711182,-0.013599872589111328
2024-08-19,5.405600070953369,5.47130012512207,-0.06570005416870117
2024-08-20,5.478099822998047,5.405600070953369,0.07249975204467773
2024-08-21,5.482500076293945,5.478099822998047,0.0044002532958984375
2024-08-22,5.59089994430542,5.482500076293945,0.10839986801147461
2024-08-23,5.485400199890137,5.59089994430542,-0.1054997444152832
2024-08-26,5.495699882507324,5.485400199890137,0.0102996826171875
2024-08-27,5.507900238037109,5.495699882507324,0.012200355529785156
2024-08-28,5.56220006942749,5.507900238037109,0.05429983139038086
2024-08-29,5.627699851989746,5.56220006942749,0.06549978256225586
2024-08-30,5.60920000076294,5.627699851989746,-0.018499851226805752
2024-09-02,5.615099906921387,5.60920000076294,0.0058999061584463774
2024-09-03,5.647500038146973,5.615099906921387,0.03240013122558594
2024-09-04,5.642000198364258,5.647500038146973,-0.005499839782714844
2024-09-05,5.567500114440918,5.642000198364258,-0.07450008392333984
2024-09-06,5.59660005569458,5.567500114440918,0.02909994125366211
2024-09-09,5.5843000411987305,5.59660005569458,-0.01230001449584961
2024-09-10,5.662899971008301,5.5843000411987305,0.07859992980957031
2024-09-11,5.667399883270264,5.662899971008301,0.004499912261962891
2024-09-12,5.625699996948242,5.667399883270264,-0.041699886322021484
2024-09-13,5.612370014190674,5.625699996948242,-0.01332998275756836
2024-09-16,5.503900051116943,5.612370014190674,-0.10846996307373047
2024-09-17,5.4816999435424805,5.503900051116943,-0.02220010757446289
2024-09-18,5.460999965667725,5.4816999435424805,-0.02069997787475586
2024-09-19,5.423900127410889,5.460999965667725,-0.03709983825683594
2024-09-20,5.513599872589111,5.423900127410889,0.08969974517822266
2024-09-23,5.536099910736084,5.513599872589111,0.022500038146972656
2024-09-24,5.449699878692627,5.536099910736084,-0.08640003204345703
2024-09-25,5.473800182342529,5.449699878692627,0.024100303649902344
2024-09-26,5.436699867248535,5.473800182342529,-0.03710031509399414
2024-09-27,5.433199882507324,5.436699867248535,-0.0034999847412109375
2024-09-30,5.448500156402588,5.433199882507324,0.015300273895263672
2024-10-01,5.423999786376953,5.448500156402588,-0.024500370025634766
2024-10-02,5.440299987792969,5.423999786376953,0.016300201416015625
2024-10-03,5.47629976272583,5.440299987792969,0.03599977493286133
2024-10-04,5.4542999267578125,5.47629976272583,-0.021999835968017578
2024-10-07,5.494200229644775,5.4542999267578125,0.03990030288696289
2024-10-08,5.5346999168396,5.494200229644775,0.04049968719482422
2024-10-09,5.596099853515625,5.5346999168396,0.06139993667602539
2024-10-10,5.581699848175049,5.596099853515625,-0.014400005340576172
2024-10-11,5.610599994659424,5.581699848175049,0.028900146484375
2024-10-14,5.594699859619141,5.610599994659424,-0.015900135040283203
2024-10-15,5.651999950408936,5.594699859619141,0.05730009078979581
2024-10-16,5.668000221252441,5.651999950408936,0.01600027084350497
2024-10-17,5.651800155639648,5.668000221252441,-0.01620006561279297
2024-10-18,5.635900020599365,5.651800155639648,-0.015900135040283203
2024-10-21,5.68809986114502,5.635900020599365,0.052199840545655185
2024-10-22,5.689300060272217,5.68809986114502,0.0012001991271963774
2024-10-23,5.686500072479248,5.689300060272217,-0.00279998779296875
2024-10-24,5.664000034332275,5.686500072479248,-0.022500038146972656
2024-10-25,5.685812950134277,5.664000034332275,0.021812915802001953
2024-10-28,5.71019983291626,5.685812950134277,0.024386882781982422
2024-10-29,5.760000228881836,5.71019983291626,0.04980039596557617
2024-10-30,5.76230001449585,5.760000228881836,0.002299785614013672
2024-10-31,5.789400100708008,5.76230001449585,0.027100086212158203
2024-11-01,5.677525997161865,5.789400100708008,-0.11187410354614258
2024-11-04,5.790599822998047,5.677525997161865,0.11307382583618164
2024-11-05,5.739799976348877,5.790599822998047,-0.05079984664916992
2024-11-06,5.674799919128418,5.739799976348877,-0.06500005722045898
2024-11-07,5.690999984741211,5.674799919128418,0.01620006561279297
2024-11-08,5.736400127410889,5.690999984741211,0.045400142669677734
2024-11-11,5.75540018081665,5.736400127410889,0.01900005340576172
2024-11-12,5.748199939727783,5.75540018081665,-0.0072002410888671875
2024-11-13,5.805900096893311,5.748199939727783,0.05770015716552823
2024-11-14,5.788300037384033,5.805900096893311,-0.017600059509278232
2024-11-15,5.794600009918213,5.788300037384033,0.0062999725341796875
2024-11-18,5.746399879455566,5.794600009918213,-0.048200130462646484
2024-11-19,5.7718000411987305,5.746399879455566,0.025400161743164062
2024-11-20,5.770699977874756,5.7718000411987305,-0.0011000633239746094
2024-11-21,5.814099788665772,5.770699977874756,0.04339981079101651
2024-11-22,5.799300193786621,5.814099788665772,-0.014799594879151279
2024-11-25,5.797200202941895,5.799300193786621,-0.0020999908447256743
2024-11-26,5.809599876403809,5.797200202941895,0.012399673461913174
2024-11-27,5.937399864196777,5.809599876403809,0.12779998779296875
2024-11-28,6.013899803161621,5.937399864196777,0.07649993896484375
2024-11-29,5.973199844360352,6.013899803161621,-0.04069995880126953
2024-12-02,6.05679988861084,5.973199844360352,0.08360004425048828
2024-12-03,6.043099880218506,6.05679988861084,-0.013700008392333984
2024-12-04,6.03879976272583,6.043099880218506,-0.004300117492675781
2024-12-05,6.010300159454346,6.03879976272583,-0.028499603271484375
2024-12-06,6.0883002281188965,6.010300159454346,0.07800006866455078
2024-12-09,6.076600074768066,6.0883002281188965,-0.011700153350830078
2024-12-10,6.045300006866455,6.076600074768066,-0.03130006790161133
2024-12-11,5.952700138092041,6.045300006866455,-0.09259986877441406
2024-12-12,5.996099948883057,5.952700138092041,0.043399810791015625
2024-12-13,6.040900230407715,5.996099948883057,0.0448002815246582
2024-12-16,6.147299766540527,6.040900230407715,0.1063995361328125
2024-12-17,6.1031999588012695,6.147299766540527,-0.04409980773925781
2024-12-18,6.288899898529053,6.1031999588012695,0.1856999397277832
2024-12-19,6.151599884033203,6.288899898529053,-0.1373000144958496
2024-12-20,6.084199905395508,6.151599884033203,-0.06739997863769531
2024-12-23,6.193900108337402,6.084199905395508,0.10970020294189453
2024-12-24,6.175600051879883,6.193900108337402,-0.01830005645751953
2024-12-25,6.182799816131592,6.175600051879883,0.007199764251708984
2024-12-26,6.148499965667725,6.182799816131592,-0.03429985046386719
2024-12-27,6.193699836730957,6.148499965667725,0.04519987106323242
2024-12-30,6.1778998374938965,6.193699836730957,-0.015799999237060547
2024-12-31,6.300000190734863,6.1778998374938965,0.1221003532409668
2025-01-02,6.151000022888184,6.300000190734863,-0.1490001678466797
2025-01-03,6.180699825286865,6.151000022888184,0.02969980239868164
2025-01-06,6.115499973297119,6.180699825286865,-0.0651998519897461
2025-01-07,6.100900173187256,6.115499973297119,-0.014599800109863281
2025-01-08,6.105800151824951,6.100900173187256,0.0048999786376953125
2025-01-09,6.034599781036377,6.105800151824951,-0.07120037078857422
2025-01-10,6.105899810791016,6.034599781036377,0.07130002975463867
2025-01-13,6.093400001525879,6.105899810791016,-0.012499809265136719
2025-01-14,6.054800033569336,6.093400001525879,-0.03859996795654297
2025-01-15,6.012199878692627,6.054800033569336,-0.042600154876708984
2025-01-16,6.049900054931641,6.012199878692627,0.03770017623901367
2025-01-17,6.066163063049316,6.049900054931641,0.01626300811767578
2025-01-20,6.029799938201904,6.066163063049316,-0.03636312484741211
2025-01-21,6.020500183105469,6.029799938201904,-0.009299755096435547
2025-01-22,5.940299987792969,6.020500183105469,-0.0802001953125
2025-01-23,5.923999786376953,5.940299987792969,-0.016300201416015625
2025-01-24,5.90910005569458,5.923999786376953,-0.014899730682373047
2025-01-27,5.892600059509277,5.90910005569458,-0.016499996185302734
2025-01-28,5.856100082397461,5.892600059509277,-0.036499977111816406
2025-01-29,5.8566999435424805,5.856100082397461,0.0005998611450195312
2025-01-30,5.874499797821045,5.8566999435424805,0.017799854278564453
2025-01-31,5.84060001373291,5.874499797821045,-0.033899784088134766
2025-02-03,5.80620002746582,5.84060001373291,-0.034399986267089844
2025-02-04,5.7571001052856445,5.80620002746582,-0.04909992218017578
2025-02-05,5.8028998374938965,5.7571001052856445,0.04579973220825195
2025-02-06,5.760499954223633,5.8028998374938965,-0.04239988327026367
2025-02-07,5.803199768066406,5.760499954223633,0.04269981384277344
2025-02-10,5.786900043487549,5.803199768066406,-0.016299724578857422
2025-02-11,5.764500141143799,5.786900043487549,-0.02239990234375
2025-02-12,5.764400005340576,5.764500141143799,-0.00010013580322265625
2025-02-13,5.766900062561035,5.764400005340576,0.0025000572204589844
2025-02-14,5.701200008392334,5.766900062561035,-0.06570005416870117
2025-02-17,5.712100028991699,5.701200008392334,0.010900020599365234
2025-02-18,5.688600063323975,5.712100028991699,-0.02349996566772461
2025-02-19,5.720300197601318,5.688600063323975,0.03170013427734375
2025-02-20,5.701300144195557,5.720300197601318,-0.01900005340576172
2025-02-21,5.730999946594238,5.701300144195557,0.02969980239868164
2025-02-24,5.7778000831604,5.730999946594238,0.04680013656616211
2025-02-25,5.740300178527832,5.7778000831604,-0.03749990463256836
2025-02-26,5.801700115203857,5.740300178527832,0.06139993667602539
2025-02-27,5.839000225067139,5.801700115203857,0.03730010986328125
2025-02-28,5.88040018081665,5.839000225067139,0.04139995574951172
2025-03-03,6.020500183105469,5.88040018081665,0.14010000228881836
2025-03-04,5.885700225830078,6.020500183105469,-0.13479995727539062
2025-03-05,5.740099906921387,5.885700225830078,-0.1456003189086914
2025-03-06,5.763000011444092,5.740099906921387,0.022900104522705078
2025-03-07,5.782899856567383,5.763000011444092,0.019899845123291016
2025-03-10,5.85290002822876,5.782899856567383,0.07000017166137695
2025-03-11,5.808599948883057,5.85290002822876,-0.044300079345703125
2025-03-12,5.797800064086914,5.808599948883057,-0.010799884796142578
2025-03-13,5.798500061035156,5.797800064086914,0.0006999969482421875
2025-03-14,5.740600109100342,5.798500061035156,-0.05789995193481445
2025-03-17,5.678069114685059,5.740600109100342,-0.0625309944152832
2025-03-18,5.672100067138672,5.678069114685059,-0.005969047546386719
2025-03-19,5.648099899291992,5.672100067138672,-0.024000167846679688
2025-03-20,5.673900127410889,5.648099899291992,0.025800228118896484
2025-03-21,5.729599952697754,5.673900127410889,0.055699825286865234
2025-03-24,5.760799884796143,5.729599952697754,0.031199932098388672
2025-03-25,5.698400020599365,5.760799884796143,-0.062399864196777344
2025-03-26,5.733500003814697,5.698400020599365,0.03509998321533203
2025-03-27,5.739299774169922,5.733500003814697,0.005799770355224609
2025-03-28,5.7581000328063965,5.739299774169922,0.01880025863647461
2025-03-31,5.698400020599365,5.7581000328063965,-0.05970001220703125
2025-04-01,5.681300163269043,5.698400020599365,-0.017099857330322266
2025-04-02,5.663700103759766,5.681300163269043,-0.017600059509277344
2025-04-03,5.6305999755859375,5.663700103759766,-0.033100128173828125
2025-04-04,5.840030193328857,5.6305999755859375,0.20943021774291992
2025-04-07,5.913599967956543,5.840030193328857,0.07356977462768555
2025-04-08,6.013299942016602,5.913599967956543,0.0996999740600586
2025-04-09,5.8180999755859375,6.013299942016602,-0.19519996643066406
2025-04-10,5.884300231933594,5.8180999755859375,0.06620025634765625
2025-04-11,5.864200115203857,5.884300231933594,-0.020100116729736328
2025-04-14,5.8541998863220215,5.864200115203857,-0.010000228881835938
2025-04-15,5.884600162506104,5.8541998863220215,0.03040027618408292
2025-04-16,5.8653998374938965,5.884600162506104,-0.01920032501220792
2025-04-17,5.80709981918335,5.8653998374938965,-0.058300018310546875
2025-04-22,5.719900131225586,5.80709981918335,-0.08719968795776367
2025-04-23,5.703400135040283,5.719900131225586,-0.016499996185302734
2025-04-24,5.678699970245361,5.703400135040283,-0.024700164794921875
2025-04-25,5.684700012207031,5.678699970245361,0.006000041961669922
2025-04-28,5.652900218963623,5.684700012207031,-0.0317997932434082
2025-04-29,5.619999885559082,5.652900218963623,-0.032900333404541016
2025-04-30,5.672900199890137,5.619999885559082,0.05290031433105469
2025-05-01,5.67710018157959,5.672900199890137,0.004199981689453125
2025-05-02,5.666900157928467,5.67710018157959,-0.010200023651123047
2025-05-05,5.686299800872803,5.666900157928467,0.019399642944335938
2025-05-06,5.712800025939941,5.686299800872803,0.026500225067138672
2025-05-07,5.74459981918335,5.712800025939941,0.0317997932434082
2025-05-08,5.661600112915039,5.74459981918335,-0.08299970626831055
2025-05-09,5.648200035095215,5.661600112915039,-0.013400077819824219
2025-05-12,5.6697998046875,5.648200035095215,0.021599769592285156
2025-05-13,5.60046911239624,5.6697998046875,-0.06933069229125977
2025-05-14,5.636499881744385,5.60046911239624,0.03603076934814453
2025-05-15,5.681300163269043,5.636499881744385,0.0448002815246582
2025-05-16,5.6586737632751465,5.681300163269043,-0.022626399993896484
2025-05-19,5.644499778747559,5.6586737632751465,-0.01417398452758789
2025-05-20,5.667300224304199,5.644499778747559,0.022800445556640625
2025-05-21,5.644700050354004,5.667300224304199,-0.022600173950195312
2025-05-22,5.71619987487793,5.644700050354004,0.07149982452392578
2025-05-23,5.645199775695801,5.71619987487793,-0.0710000991821289
2025-05-26,5.666600227355957,5.645199775695801,0.02140045166015625
2025-05-27,5.637400150299072,5.666600227355957,-0.029200077056884766
2025-05-28,5.688700199127197,5.637400150299072,0.051300048828125
2025-05-29,5.66510009765625,5.688700199127197,-0.023600101470947266
2025-05-30,5.720799922943115,5.66510009765625,0.055699825286865234
2025-06-02,5.672399997711182,5.720799922943115,-0.048399925231933594
2025-06-03,5.637800216674805,5.672399997711182,-0.03459978103637695
2025-06-04,5.6321001052856445,5.637800216674805,-0.005700111389160156
2025-06-05,5.58459997177124,5.6321001052856445,-0.0475001335144043
2025-06-06,5.562699794769287,5.58459997177124,-0.021900177001953125
2025-06-09,5.557000160217285,5.562699794769287,-0.005699634552001953
2025-06-10,5.572100162506104,5.557000160217285,0.015100002288819248
2025-06-11,5.535799980163574,5.572100162506104,-0.036300182342530185
2025-06-12,5.537300109863281,5.535799980163574,0.0015001296997070312
2025-06-13,5.538899898529053,5.537300109863281,0.0015997886657714844
2025-06-16,5.490799903869629,5.538899898529053,-0.04809999465942383
2025-06-17,5.493000030517578,5.490799903869629,0.0022001266479492188
2025-06-18,5.485199928283691,5.493000030517578,-0.007800102233886719
2025-06-19,5.489999771118164,5.485199928283691,0.004799842834472656
2025-06-20,5.518400192260742,5.489999771118164,0.028400421142578125
2025-06-23,5.493800163269043,5.518400192260742,-0.02460002899169922
2025-06-24,5.510300159454346,5.493800163269043,0.016499996185302734
2025-06-25,5.557899951934815,5.510300159454346,0.04759979248046964
2025-06-26,5.477099895477295,5.557899951934815,-0.08080005645752042
2025-06-27,5.478400230407715,5.477099895477295,0.0013003349304199219
2025-06-30,5.430200099945068,5.478400230407715,-0.048200130462646484
2025-07-01,5.458799839019775,5.430200099945068,0.02859973907470703
2025-07-02,5.426400184631348,5.458799839019775,-0.032399654388427734
2025-07-03,5.409299850463867,5.426400184631348,-0.01710033416748047
2025-07-04,5.419400215148926,5.409299850463867,0.010100364685058594
2025-07-07,5.48769998550415,5.419400215148926,0.06829977035522461
2025-07-08,5.446100234985352,5.48769998550415,-0.04159975051879883
2025-07-09,5.581799983978272,5.446100234985352,0.1356997489929208
2025-07-10,5.531099796295166,5.581799983978272,-0.05070018768310636
2025-07-11,5.571899890899658,5.531099796295166,0.04080009460449219
2025-07-14,5.586999893188477,5.571899890899658,0.01510000228881836
2025-07-15,5.5510029792785645,5.586999893188477,-0.03599691390991211
2025-07-16,5.566599845886231,5.5510029792785645,0.015596866607666904
2025-07-17,5.546599864959717,5.566599845886231,-0.01999998092651456
2025-07-18,5.578100204467773,5.546599864959717,0.03150033950805664
2025-07-21,5.565499782562256,5.578100204467773,-0.012600421905517578
2025-07-22,5.563899993896484,5.565499782562256,-0.0015997886657714844
2025-07-23,5.51639986038208,5.563899993896484,-0.0475001335144043
2025-07-24,5.519999980926514,5.51639986038208,0.0036001205444335938
2025-07-25,5.565199851989746,5.519999980926514,0.04519987106323242
2025-07-28,5.5868000984191895,5.565199851989746,0.02160024642944336
2025-07-29,5.573200225830078,5.5868000984191895,-0.013599872589111328
2025-07-30,5.575399875640869,5.573200225830078,0.0021996498107910156
2025-07-31,5.598800182342529,5.575399875640869,0.023400306701660156
2025-08-01,5.537899971008301,5.598800182342529,-0.060900211334228516
2025-08-04,5.496099948883057,5.537899971008301,-0.04180002212524414
2025-08-05,5.502999782562256,5.496099948883057,0.006899833679199219
2025-08-06,5.458899974822998,5.502999782562256,-0.04409980773925781
2025-08-07,5.414299964904785,5.458899974822998,-0.04460000991821289
2025-08-08,5.432300090789795,5.414299964904785,0.018000125885009766
2025-08-11,5.442299842834473,5.432300090789795,0.009999752044677734
2025-08-12,5.401199817657471,5.442299842834473,-0.04110002517700195
2025-08-13,5.391200065612793,5.401199817657471,-0.009999752044677734
2025-08-14,5.40910005569458,5.391200065612793,0.01789999008178711
2025-08-15,5.400400161743164,5.40910005569458,-0.008699893951416016
2025-08-18,5.435699939727783,5.400400161743164,0.03529977798461914
2025-08-19,5.497600078582764,5.435699939727783,0.06190013885498047
2025-08-20,5.469161033630371,5.497600078582764,-0.028439044952392578
2025-08-21,5.464799880981445,5.469161033630371,-0.004361152648925781
2025-08-22,5.421299934387207,5.464799880981445,-0.04349994659423828
2025-08-25,5.4096999168396,5.421299934387207,-0.011600017547607422
2025-08-26,5.43120002746582,5.4096999168396,0.021500110626220703
2025-08-27,5.417699813842773,5.43120002746582,-0.013500213623046875
2025-08-28,5.413000106811523,5.417699813842773,-0.00469970703125
2025-08-29,5.432400226593018,5.413000106811523,0.01940011978149414
2025-09-01,5.438399791717529,5.432400226593018,0.005999565124511719
2025-09-02,5.4670000076293945,5.438399791717529,0.028600215911865234
2025-09-03,5.448100090026856,5.4670000076293945,-0.018899917602538174
2025-09-04,5.443999767303467,5.448100090026856,-0.00410032272338956
2025-09-05,5.412199974060059,5.443999767303467,-0.0317997932434082
2025-09-08,5.420300006866455,5.412199974060059,0.008100032806396484
2025-09-09,5.433599948883057,5.420300006866455,0.013299942016601562
2025-09-10,5.401999950408936,5.433599948883057,-0.031599998474120206
2025-09-11,5.388199806213379,5.401999950408936,-0.013800144195557529
2025-09-12,5.35099983215332,5.388199806213379,-0.037199974060058594
2025-09-15,5.315199851989746,5.35099983215332,-0.03579998016357422
2025-09-16,5.29580020904541,5.315199851989746,-0.019399642944335938
2025-09-17,5.310100078582764,5.29580020904541,0.014299869537353516
2025-09-18,5.304299831390381,5.310100078582764,-0.0058002471923828125
2025-09-19,5.320499897003174,5.304299831390381,0.01620006561279297
2025-09-22,5.3343000411987305,5.320499897003174,0.01380014419555664
2025-09-23,5.281599998474121,5.3343000411987305,-0.052700042724609375
2025-09-24,5.329899787902832,5.281599998474121,0.04829978942871094
2025-09-25,5.363699913024902,5.329899787902832,0.03380012512207031
2025-09-26,5.3422532081604,5.363699913024902,-0.021446704864501953
2025-09-29,5.321700096130371,5.3422532081604,-0.020553112030029297
2025-09-30,5.319499969482422,5.321700096130371,-0.0022001266479492188
2025-10-01,5.328800201416016,5.319499969482422,0.00930023193359375
2025-10-02,5.336599826812744,5.328800201416016,0.007799625396728516
2025-10-03,5.33459997177124,5.336599826812744,-0.0019998550415039062
2025-10-06,5.311200141906738,5.33459997177124,-0.023399829864501953
2025-10-07,5.353799819946289,5.311200141906738,0.04259967803955078
2025-10-08,5.33519983291626,5.353799819946289,-0.018599987030029297
2025-10-09,5.377200126647949,5.33519983291626,0.04200029373168945
2025-10-10,5.5229997634887695,5.377200126647949,0.1457996368408203
2025-10-13,5.464099884033203,5.5229997634887695,-0.058899879455566406
2025-10-14,5.481500148773193,5.464099884033203,0.017400264739990234
2025-10-15,5.449299812316895,5.481500148773193,-0.03220033645629794
2025-10-16,5.440814971923828,5.449299812316895,-0.008484840393067294
2025-10-17,5.406099796295166,5.440814971923828,-0.03471517562866211
2025-10-20,5.36870002746582,5.406099796295166,-0.0373997688293457
2025-10-21,5.38670015335083,5.36870002746582,0.018000125885009766
2025-10-22,5.399400234222412,5.38670015335083,0.012700080871582031
2025-10-23,5.382900238037109,5.399400234222412,-0.016499996185302734
2025-10-24,5.388299942016602,5.382900238037109,0.0053997039794921875
2025-10-27,5.373300075531006,5.388299942016602,-0.014999866485595703
2025-10-28,5.357399940490723,5.373300075531006,-0.015900135040283203
2025-10-29,5.357800006866455,5.357399940490723,0.0004000663757324219
2025-10-30,5.381999969482422,5.357800006866455,0.024199962615966797
2025-10-31,5.374599933624268,5.381999969482422,-0.007400035858154297
2025-11-03,5.354899883270264,5.374599933624268,-0.019700050354003906
2025-11-04,5.395899772644043,5.354899883270264,0.0409998893737793
2025-11-05,5.35860013961792,5.395899772644043,-0.03729963302612305
2025-11-06,5.349500179290772,5.35860013961792,-0.00909996032714755
2025-11-07,5.330900192260742,5.349500179290772,-0.018599987030030185
2025-11-10,5.289700031280518,5.330900192260742,-0.04120016098022461
2025-11-11,5.270699977874756,5.289700031280518,-0.01900005340576172
2025-11-12,5.291299819946289,5.270699977874756,0.020599842071533203
2025-11-13,5.296500205993652,5.291299819946289,0.005200386047363281
2025-11-14,5.295599937438965,5.296500205993652,-0.0009002685546875
2025-11-17,5.329500198364258,5.295599937438965,0.03390026092529297
2025-11-18,5.321499824523926,5.329500198364258,-0.008000373840332031
2025-11-19,5.32859992980957,5.321499824523926,0.007100105285644531
2025-11-20,5.332300186157227,5.32859992980957,0.00370025634765625
2025-11-21,5.402100086212158,5.332300186157227,0.06979990005493164
2025-11-24,5.386799812316895,5.402100086212158,-0.015300273895262784
2025-11-25,5.37939977645874,5.386799812316895,-0.007400035858155185
2025-11-26,5.33080005645752,5.37939977645874,-0.048599720001219815
2025-11-27,5.355400085449219,5.33080005645752,0.02460002899169833
2025-11-28,5.335400104522705,5.355400085449219,-0.019999980926513672
2025-12-01,5.355800151824951,5.335400104522705,0.020400047302246094
2025-12-02,5.326300144195557,5.355800151824951,-0.02950000762939453
2025-12-03,5.306099891662598,5.326300144195557,-0.020200252532958984
2025-12-04,5.309299945831299,5.306099891662598,0.003200054168701172
2025-12-05,5.43809986114502,5.309299945831299,0.1287999153137216
2025-12-08,5.429999828338623,5.43809986114502,-0.008100032806397373
2025-12-09,5.43149995803833,5.429999828338623,0.0015001296997070312
2025-12-10,5.469799995422363,5.43149995803833,0.0383000373840332
2025-12-11,5.4054999351501465,5.469799995422363,-0.0643000602722168
2025-12-12,5.4182000160217285,5.4054999351501465,0.012700080871582031
2025-12-15,5.413400173187256,5.4182000160217285,-0.004799842834472656
2025-12-16,5.507500171661377,5.413400173187256,0.0940999984741211
2025-12-17,5.518499851226807,5.507500171661377,0.010999679565429688
2025-12-18,5.521299839019775,5.518499851226807,0.00279998779296875
2025-12-19,5.53980016708374,5.521299839019775,0.018500328063964844
2025-12-22,5.590000152587891,5.53980016708374,0.05019998550415039
2025-12-23,5.518499851226807,5.590000152587891,-0.07150030136108398
2025-12-24,5.519499778747559,5.518499851226807,0.0009999275207519531
2025-12-26,5.542500019073486,5.519499778747559,0.023000240325927734
2025-12-29,5.5690999031066895,5.542500019073486,0.026599884033203125
2025-12-30,5.476200103759766,5.5690999031066895,-0.09289979934692383
2025-12-31,5.517000198364258,5.476200103759766,0.04080009460449219
2026-01-02,5.421599864959717,5.517000198364258,-0.09540033340454102
2026-01-05,5.40749979019165,5.421599864959717,-0.014100074768066406
2026-01-06,5.372000217437744,5.40749979019165,-0.03549957275390625
2026-01-07,5.383900165557861,5.372000217437744,0.011899948120117188
2026-01-08,5.386600017547607,5.383900165557861,0.0026998519897460938
2026-01-09,5.370299816131592,5.386600017547607,-0.016300201416015625
2026-01-12,5.373700141906738,5.370299816131592,0.0034003257751464844
2026-01-13,5.371300220489502,5.373700141906738,-0.002399921417236328
2026-01-14,5.396100044250488,5.371300220489502,0.024799823760986328
2026-01-15,5.367899894714356,5.396100044250488,-0.028200149536131924
2026-01-16,5.367700099945068,5.367899894714356,-0.00019979476928799755
2026-01-19,5.36870002746582,5.367700099945068,0.0009999275207519531
2026-01-20,5.374300003051758,5.36870002746582,0.0055999755859375
2026-01-21,5.31879997253418,5.374300003051758,-0.055500030517578125
2026-01-22,5.283699989318848,5.31879997253418,-0.03509998321533203
2026-01-23,5.288899898529053,5.283699989318848,0.005199909210205078
2026-01-26,5.279099941253662,5.288899898529053,-0.009799957275390625
2026-01-27,5.183599948883057,5.279099941253662,-0.09549999237060547
2026-01-28,5.197100162506104,5.183599948883057,0.013500213623047763
2026-01-29,5.189199924468994,5.197100162506104,-0.007900238037110263
2026-01-30,5.255000114440918,5.189199924468994,0.06580018997192383
2026-02-02,5.259399890899658,5.255000114440918,0.004399776458740234
2026-02-03,5.237500190734863,5.259399890899658,-0.021899700164794922
2026-02-04,5.23799991607666,5.237500190734863,0.000499725341796875
2026-02-05,5.270500183105469,5.23799991607666,0.032500267028808594
2026-02-06,5.21589994430542,5.270500183105469,-0.05460023880004883
2026-02-09,5.191599845886231,5.21589994430542,-0.024300098419188565
2026-02-10,5.196199893951416,5.191599845886231,0.004600048065184659
2026-02-11,5.198699951171875,5.196199893951416,0.0025000572204589844
2026-02-12,5.213900089263916,5.198699951171875,0.015200138092041016
2026-02-13,5.217899799346924,5.213900089263916,0.0039997100830078125
2026-02-16,5.243899822235107,5.217899799346924,0.026000022888183594
2026-02-17,5.2204999923706055,5.243899822235107,-0.023399829864501953
2026-02-18,5.234399795532227,5.2204999923706055,0.013899803161621094
2026-02-19,5.208799839019775,5.234399795532227,-0.025599956512451172
2026-02-20,5.176499843597412,5.208799839019775,-0.03229999542236328
2026-02-23,5.170899868011475,5.176499843597412,-0.0055999755859375
2026-02-24,5.151999950408936,5.170899868011475,-0.018899917602538174
2026-02-25,5.124199867248535,5.151999950408936,-0.02780008316040128
2026-02-26,5.136600017547607,5.124199867248535,0.012400150299072266
2026-02-27,5.1296000480651855,5.136600017547607,-0.006999969482421875
2026-03-02,5.170300006866455,5.1296000480651855,0.04069995880126953
2026-03-03,5.277299880981445,5.170300006866455,0.10699987411499023
2026-03-04,5.230100154876709,5.277299880981445,-0.04719972610473633
2026-03-05,5.263400077819824,5.230100154876709,0.033299922943115234
2026-03-06,5.243500232696533,5.263400077819824,-0.019899845123291016
2026-03-09,5.2052998542785645,5.243500232696533,-0.03820037841796875
2026-03-10,5.162399768829346,5.2052998542785645,-0.04290008544921875
2026-03-11,5.151400089263916,5.162399768829346,-0.010999679565429688
2026-03-12,5.243899822235107,5.151400089263916,0.0924997329711914
2026-03-13,5.329100131988525,5.243899822235107,0.08520030975341797
2026-03-16,5.233399868011475,5.329100131988525,-0.09570026397705078
2026-03-17,5.19290018081665,5.233399868011475,-0.04049968719482422
2026-03-18,5.2621002197265625,5.19290018081665,0.06920003890991211
2026-03-19,5.219900131225586,5.2621002197265625,-0.04220008850097656
2026-03-20,5.3119001388549805,5.219900131225586,0.09200000762939453
2026-03-23,5.232900142669678,5.3119001388549805,-0.07899999618530273
2026-03-24,5.232600212097168,5.232900142669678,-0.0002999305725097656
2026-03-25,5.236800193786621,5.232600212097168,0.004199981689453125
2026-03-26,5.235099792480469,5.236800193786621,-0.0017004013061523438
2026-03-27,5.23799991607666,5.235099792480469,0.0029001235961914062
2026-03-30,5.263999938964844,5.23799991607666,0.026000022888183594
2026-03-31,5.192800045013428,5.263999938964844,-0.07119989395141602
2026-04-01,5.1545000076293945,5.192800045013428,-0.0383000373840332
2026-04-02,5.156400203704834,5.1545000076293945,0.0019001960754394531
2026-04-03,5.157899856567383,5.156400203704834,0.0014996528625488281
2026-04-06,5.138299942016602,5.157899856567383,-0.01959991455078125
2026-04-07,5.150599956512451,5.138299942016602,0.01230001449584961
2026-04-08,5.100200176239014,5.150599956512451,-0.0503997802734375
2026-04-09,5.095799922943115,5.100200176239014,-0.0044002532958984375
2026-04-10,5.005000114440918,5.095799922943115,-0.09079980850219727
2026-04-13,4.994400024414063,5.005000114440918,-0.01060009002685458
2026-04-14,4.984799861907959,4.994400024414063,-0.009600162506104404
2026-04-15,4.992400169372559,4.984799861907959,0.007600307464599609
2026-04-16,4.987090110778809,4.992400169372559,-0.00531005859375
2026-04-17,5.00629997253418,4.987090110778809,0.019209861755371094
2026-04-20,4.952400207519531,5.00629997253418,-0.05389976501464844
2026-04-21,5.007999897003174,4.952400207519531,0.05559968948364258
2026-04-22,4.984899997711182,5.007999897003174,-0.023099899291992188
2026-04-23,5.030799865722656,4.984899997711182,0.04589986801147461
2026-04-24,4.979100227355957,5.030799865722656,-0.05169963836669922
2026-04-27,4.999599933624268,4.979100227355957,0.020499706268310547
2026-04-28,4.99429988861084,4.999599933624268,-0.005300045013427734
2026-04-29,5.017499923706055,4.99429988861084,0.023200035095214844
