Data,Real,Previsto
2016-05-02,3.496500015258789,3.467099806308746
2016-05-03,3.5548999309539795,3.535188756942749
2016-05-04,3.545399904251098,3.5456825284957887
2016-05-05,3.533099889755249,3.5346597180366515
2016-05-06,3.499000072479248,3.506653422355652
2016-05-09,3.513000011444092,3.518090795993805
2016-05-10,3.470400094985962,3.4922488412857056
2016-05-11,3.447000026702881,3.4620536031723024
2016-05-12,3.477099895477295,3.471899137020111
2016-05-13,3.5302000045776367,3.5057748017311097
2016-05-16,3.494499921798706,3.5039109582901
2016-05-17,3.4860999584198,3.506578178405762
2016-05-18,3.558500051498413,3.5336126289367678
2016-05-19,3.5608999729156494,3.5595765910148622
2016-05-20,3.557300090789795,3.560380849838257
2016-05-23,3.566499948501587,3.5644095783233642
2016-05-24,3.567300081253052,3.5684368529319763
2016-05-25,3.576900005340576,3.5773806123733523
2016-05-26,3.58270001411438,3.5808946137428284
2016-05-27,3.6089000701904297,3.597374446392059
2016-05-30,3.567399978637696,3.6001021909713744
2016-05-31,3.583199977874756,3.5818735938072206
2016-06-01,3.5910000801086426,3.5848346605300905
2016-06-02,3.5801000595092773,3.572950441837311
2016-06-03,3.524499893188477,3.5380735492706297
2016-06-06,3.484499931335449,3.491703563213348
2016-06-07,3.434900045394897,3.457038231372833
2016-06-08,3.3575000762939453,3.389798050403595
2016-06-09,3.395900011062622,3.3743190035820008
2016-06-10,3.415800094604492,3.4066134634017944
2016-06-13,3.477299928665161,3.448749768733978
2016-06-14,3.475100040435791,3.4742068333625795
2016-06-15,3.469300031661988,3.463878833293915
2016-06-16,3.461199998855591,3.4560012130737303
2016-06-17,3.412800073623657,3.4352834477424623
2016-06-20,3.391700029373169,3.4007606134414674
2016-06-21,3.412100076675415,3.403711657524109
2016-06-22,3.374300003051758,3.38731840801239
2016-06-23,3.336999893188477,3.352443946838379
2016-06-24,3.3677000999450684,3.360589054584503
2016-06-27,3.3893001079559326,3.3744580678939817
2016-06-28,3.302500009536743,3.3467088103294373
2016-06-29,3.237600088119507,3.2567264423370363
2016-06-30,3.205899953842163,3.2255749793052675
2016-07-01,3.230600118637085,3.23386688375473
2016-07-04,3.2885000705718994,3.2719644470214844
2016-07-05,3.299099922180176,3.2958129382133485
2016-07-06,3.32699990272522,3.311649730205536
2016-07-07,3.3610999584198,3.3503491673469545
2016-07-08,3.2976999282836914,3.3283991560935973
2016-07-11,3.3071999549865723,3.2924529671669007
2016-07-12,3.2934999465942383,3.2950161571502687
2016-07-13,3.2616000175476074,3.2687072005271913
2016-07-14,3.2483999729156494,3.2512423701286317
2016-07-15,3.276599884033203,3.268091329574585
2016-07-18,3.2493999004364014,3.258328136920929
2016-07-19,3.247900009155273,3.2557503957748413
2016-07-20,3.252700090408325,3.26020024061203
2016-07-21,3.2685999870300293,3.264687789440155
2016-07-22,3.251499891281128,3.2563439259529114
2016-07-25,3.282099962234497,3.2750841717720034
2016-07-26,3.2699999809265137,3.2672017912864684
2016-07-27,3.2585999965667725,3.2607943835258486
2016-07-28,3.281899929046631,3.2741659507751466
2016-07-29,3.24620008468628,3.255038446903229
2016-08-01,3.2583999633789062,3.257889178276062
2016-08-02,3.2527999877929688,3.252888189315796
2016-08-03,3.234600067138672,3.2429132294654845
2016-08-04,3.1868999004364014,3.211648745059967
2016-08-05,3.1607000827789307,3.1666880540847777
2016-08-08,3.168600082397461,3.1628934588432314
2016-08-09,3.142899990081787,3.1524656195640564
2016-08-10,3.1247000694274902,3.137802656650543
2016-08-11,3.138999938964844,3.14884637594223
2016-08-12,3.190500020980835,3.1740582156181336
2016-08-15,3.184799909591675,3.1884263525009153
2016-08-16,3.201200008392334,3.1955046010017396
2016-08-17,3.2047998905181885,3.206139931201935
2016-08-18,3.2379000186920166,3.228701608657837
2016-08-19,3.2044999599456787,3.2156249799728394
2016-08-22,3.198699951171875,3.205595775127411
2016-08-23,3.2355000972747803,3.224645452976227
2016-08-24,3.223299980163574,3.225114390850067
2016-08-25,3.228300094604492,3.232538067340851
2016-08-26,3.2641000747680664,3.2530546607971194
2016-08-29,3.22760009765625,3.2362948532104494
2016-08-30,3.236799955368042,3.233437783718109
2016-08-31,3.2260000705718994,3.230269040107727
2016-09-01,3.253200054168701,3.250849836349487
2016-09-02,3.256099939346313,3.2549933609962465
2016-09-05,3.267199993133545,3.2561439895629882
2016-09-06,3.1963000297546387,3.220500208377838
2016-09-07,3.190700054168701,3.1965758366584778
2016-09-08,3.214900016784668,3.208555211544037
2016-09-09,3.271699905395508,3.2623809432983397
2016-09-12,3.246900081634521,3.2472520418167115
2016-09-13,3.3141000270843506,3.2880124197006224
2016-09-14,3.3434998989105225,3.320007537841797
2016-09-15,3.299799919128418,3.3196087441444395
2016-09-16,3.265500068664551,3.272991039276123
2016-09-19,3.271199941635132,3.263668554782867
2016-09-20,3.256099939346313,3.257535161972046
2016-09-21,3.20959997177124,3.223398388385773
2016-09-22,3.2170000076293945,3.2258298077583314
2016-09-23,3.2432000637054443,3.2469362449645995
2016-09-26,3.240600109100342,3.2439450616836547
2016-09-27,3.232599973678589,3.2387223896980286
2016-09-28,3.2177999019622803,3.2303225474357604
2016-09-29,3.259299993515014,3.254844799041748
2016-09-30,3.25979995727539,3.2492547674179075
2016-10-03,3.208699941635132,3.2176641464233398
2016-10-04,3.254499912261963,3.241969745159149
2016-10-05,3.2184998989105225,3.223625925064087
2016-10-06,3.2272000312805176,3.221469802379608
2016-10-07,3.219300031661988,3.2209788098335266
2016-10-10,3.202699899673462,3.209293343067169
2016-10-11,3.1958999633789062,3.19625497674942
2016-10-12,3.200700044631958,3.1989164171218873
2016-10-13,3.177299976348877,3.1884977850914002
2016-10-14,3.20199990272522,3.196436743736267
2016-10-17,3.204200029373169,3.199403212070465
2016-10-18,3.1816999912261963,3.1889187908172607
2016-10-19,3.166100025177002,3.1760888113975523
2016-10-20,3.1391000747680664,3.1558164434432983
2016-10-21,3.148900032043457,3.146240810394287
2016-10-24,3.124500036239624,3.1333152232170103
2016-10-25,3.1103999614715576,3.119502163410187
2016-10-26,3.138799905776977,3.1309437370300293
2016-10-27,3.165299892425537,3.1579725394248963
2016-10-28,3.2030999660491943,3.185383580684662
2016-10-31,3.198199987411499,3.195445593357086
2016-11-01,3.235100030899048,3.2257200260162353
2016-11-02,3.2525999546051025,3.25030797958374
2016-11-03,3.2583999633789062,3.2614859862327577
2016-11-04,3.232300043106079,3.245797821044922
2016-11-07,3.200900077819824,3.2372892575263976
2016-11-08,3.168100118637085,3.1837378792762756
2016-11-09,3.2330000400543213,3.213417824745178
2016-11-10,3.3956000804901123,3.3339846544265748
2016-11-11,3.390000104904175,3.407833462715149
2016-11-14,3.4402999877929688,3.420908791542053
2016-11-15,3.441699981689453,3.4347165870666503
2016-11-16,3.450700044631958,3.442546021461487
2016-11-17,3.4323999881744385,3.4348353967666627
2016-11-18,3.382299900054932,3.401373743534088
2016-11-21,3.387399911880493,3.385629339694977
2016-11-22,3.363600015640259,3.375586597442627
2016-11-23,3.4310998916625977,3.407931326389313
2016-11-24,3.390700101852417,3.396259271144867
2016-11-25,3.4210000038146973,3.4129911975860594
2016-11-28,3.40720009803772,3.4053792719841005
2016-11-29,3.4537999629974365,3.437029981136322
2016-11-30,3.406300067901612,3.4168578515052794
2016-12-01,3.572999954223633,3.5028865633010864
2016-12-02,3.4746999740600586,3.50549417591095
2016-12-05,3.4200000762939453,3.4350900526046755
2016-12-06,3.406300067901612,3.4147452387809754
2016-12-07,3.381599903106689,3.406717140674591
2016-12-08,3.373699903488159,3.374889540672302
2016-12-09,3.377000093460083,3.3761626482009888
2016-12-12,3.337300062179565,3.35394043302536
2016-12-13,3.334199905395508,3.334842743396759
2016-12-14,3.36899995803833,3.353276562690735
2016-12-15,3.3657000064849854,3.3684774017333985
2016-12-16,3.390399932861328,3.378985973358154
2016-12-19,3.363899946212769,3.389666762828827
2016-12-20,3.353100061416626,3.358581030845642
2016-12-21,3.325400114059448,3.333072070598602
2016-12-22,3.28629994392395,3.3071555585861208
2016-12-23,3.2695000171661377,3.2700934085845947
2016-12-26,3.269599914550781,3.26967852306366
2016-12-27,3.269399881362915,3.270298111438751
2016-12-28,3.282500028610229,3.275024999141693
2016-12-29,3.2523000240325928,3.2605374140739443
2016-12-30,3.253200054168701,3.259875422477722
2017-01-02,3.2839999198913574,3.2632549338340757
2017-01-03,3.263499975204468,3.2647771830558776
2017-01-04,3.214099884033203,3.2302131152153013
2017-01-05,3.197700023651123,3.2040005927085877
2017-01-06,3.2221999168396,3.2161613454818725
2017-01-09,3.195499897003174,3.200261935710907
2017-01-10,3.194499969482422,3.196167381286621
2017-01-11,3.1963000297546387,3.1965746088027953
2017-01-12,3.186800003051758,3.180816389083862
2017-01-13,3.186800003051758,3.1934461941719055
2017-01-16,3.240499973297119,3.209401572227478
2017-01-17,3.2098000049591064,3.215516592025757
2017-01-18,3.229599952697754,3.2191197700500487
2017-01-19,3.1949000358581543,3.2065746169090272
2017-01-20,3.1422998905181885,3.1585353331565855
2017-01-23,3.1617000102996826,3.1544748048782347
2017-01-24,3.1686999797821045,3.1610977897644044
2017-01-25,3.1684999465942383,3.160344976902008
2017-01-26,3.176100015640259,3.160198614120483
2017-01-27,3.109600067138672,3.130883234977722
2017-01-30,3.125499963760376,3.126427568912506
2017-01-31,3.150099992752075,3.141997984409332
2017-02-01,3.128000020980835,3.13829860830307
2017-02-02,3.122499942779541,3.1209901542663574
2017-02-03,3.119499921798706,3.119085543632507
2017-02-06,3.1136999130249023,3.116929332733154
2017-02-07,3.1166999340057373,3.116940145969391
2017-02-08,3.115900039672852,3.1191956024169922
2017-02-09,3.1287999153137207,3.1245031442642213
2017-02-10,3.107100009918213,3.1108173899650575
2017-02-13,3.110100030899048,3.108423999786377
2017-02-14,3.081199884414673,3.093617322921753
2017-02-15,3.0560998916625977,3.0695043354034426
2017-02-16,3.087500095367432,3.0850256519317627
2017-02-17,3.095499992370605,3.0890373907089232
2017-02-20,3.0855000019073486,3.0867829942703247
2017-02-21,3.093899965286255,3.0865559730529784
2017-02-22,3.062299966812134,3.0741807765960694
2017-02-23,3.06030011177063,3.0725542640686037
2017-02-24,3.094599962234497,3.089474991798401
2017-02-27,3.105299949645996,3.1003743710517884
2017-02-28,3.1080000400543213,3.1030956158638
2017-03-01,3.088200092315674,3.101396658420563
2017-03-02,3.154599905014038,3.1300545511245725
2017-03-03,3.119999885559082,3.1280291299819947
2017-03-06,3.137200117111206,3.1311442766189574
2017-03-07,3.115900039672852,3.121461637020111
2017-03-08,3.1593000888824463,3.1444708647727966
2017-03-09,3.1912999153137207,3.1711339540481567
2017-03-10,3.1475000381469727,3.1551060276031495
2017-03-13,3.152400016784668,3.1451988167762757
2017-03-14,3.1637001037597656,3.158891661643982
2017-03-15,3.099900007247925,3.121287202835083
2017-03-16,3.11929988861084,3.113696937084198
2017-03-17,3.0866000652313232,3.102751652240753
2017-03-20,3.071000099182129,3.084703251838684
2017-03-21,3.086800098419189,3.1037312588691712
2017-03-22,3.0848000049591064,3.0928388023376465
2017-03-23,3.138099908828736,3.1197813596725466
2017-03-24,3.1096999645233154,3.1256883916854856
2017-03-27,3.125200033187866,3.131857421875
2017-03-28,3.138400077819824,3.1325282588005066
2017-03-29,3.122100114822388,3.126781076908112
2017-03-30,3.147700071334839,3.142447057247162
2017-03-31,3.121799945831299,3.129800371646881
2017-04-03,3.11299991607666,3.122585555553436
2017-04-04,3.095599889755249,3.1084323329925536
2017-04-05,3.1196000576019287,3.1183532266616822
2017-04-06,3.1414999961853027,3.1345991907119752
2017-04-07,3.144700050354004,3.141319227695465
2017-04-10,3.131799936294556,3.1345987701416016
2017-04-11,3.1368000507354736,3.131752833366394
2017-04-12,3.123500108718872,3.1260754599571228
2017-04-13,3.142400026321411,3.1401338090896607
2017-04-14,3.143699884414673,3.148149730682373
2017-04-17,3.130300045013428,3.1337362308502197
2017-04-18,3.1064999103546143,3.115809745788574
2017-04-19,3.1482999324798584,3.1376783542633055
2017-04-20,3.14709997177124,3.1529967794418337
2017-04-21,3.1468000411987305,3.1467674231529235
2017-04-24,3.127000093460083,3.137818251609802
2017-04-25,3.147200107574463,3.139202649116516
2017-04-26,3.171099901199341,3.1618869452476503
2017-04-27,3.1810998916625977,3.172593330860138
2017-04-28,3.176100015640259,3.1694816002845765
2017-05-01,3.175100088119507,3.1615036573410036
2017-05-02,3.1501998901367188,3.155126338005066
2017-05-03,3.162100076675415,3.1610178542137146
2017-05-04,3.184900045394897,3.178152627944946
2017-05-05,3.1777000427246094,3.177458606719971
2017-05-08,3.1963999271392822,3.1848933477401733
2017-05-09,3.186800003051758,3.1834194040298462
2017-05-10,3.165699958801269,3.1656205649375915
2017-05-11,3.138999938964844,3.146717153072357
2017-05-12,3.1777000427246094,3.1650282330513
2017-05-15,3.1082000732421875,3.1299314455986025
2017-05-16,3.0957999229431152,3.10491774892807
2017-05-17,3.1333999633789062,3.1227375741004946
2017-05-18,3.36899995803833,3.281947181224823
2017-05-19,3.2532999515533447,3.302799761772156
2017-05-22,3.265399932861328,3.260433364391327
2017-05-23,3.2685999870300293,3.26512598323822
2017-05-24,3.274199962615967,3.2681879711151125
2017-05-25,3.2734999656677246,3.263730580329895
2017-05-26,3.1777000427246094,3.2106834197044374
2017-05-29,3.255399942398072,3.2361787514686586
2017-05-30,3.256200075149536,3.2504278450012207
2017-05-31,3.225100040435791,3.237458433628082
2017-06-01,3.249000072479248,3.2411004490852355
2017-06-02,3.2492001056671143,3.2580564470291136
2017-06-05,3.296099901199341,3.278430153846741
2017-06-06,3.276000022888184,3.2739736161231994
2017-06-07,3.2672998905181885,3.2728085341453554
2017-06-08,3.2595999240875244,3.2502315554618835
2017-06-09,3.1777000427246094,3.208568419933319
2017-06-12,3.316699981689453,3.2997371673583986
2017-06-13,3.3143999576568604,3.3015119671821593
2017-06-14,3.272599935531616,3.2823771538734436
2017-06-15,3.273600101470948,3.2703136644363404
2017-06-16,3.288599967956543,3.2759245896339415
2017-06-19,3.281100034713745,3.282247427940369
2017-06-20,3.325500011444092,3.305673411846161
2017-06-21,3.333400011062622,3.325501001834869
2017-06-22,3.3396999835968018,3.335695191860199
2017-06-23,3.3415000438690186,3.3322438263893126
2017-06-26,3.294800043106079,3.30889263343811
2017-06-27,3.312000036239624,3.298211832523346
2017-06-28,3.2795000076293945,3.280975792884827
2017-06-29,3.3027000427246094,3.291327830314636
2017-06-30,3.1777000427246094,3.2192484321594237
2017-07-03,3.30049991607666,3.280515525341034
2017-07-04,3.309200048446656,3.289660234928131
2017-07-05,3.2869999408721924,3.2885741691589354
2017-07-06,3.297300100326538,3.283694471359253
2017-07-07,3.1777000427246094,3.221383433818817
2017-07-10,3.2530999183654785,3.261407326221466
2017-07-12,3.2067999839782715,3.2227789907455446
2017-07-13,3.2100000381469727,3.207831632614136
2017-07-14,3.1777000427246094,3.1938982367515565
2017-07-17,3.1812000274658203,3.1705199913978577
2017-07-18,3.1526999473571777,3.1594473567008974
2017-07-19,3.147700071334839,3.150936649799347
2017-07-20,3.1184000968933105,3.133732874393463
2017-07-21,3.1777000427246094,3.165604238986969
2017-07-24,3.144399881362915,3.149943521976471
2017-07-25,3.1712000370025635,3.1635274367332458
2017-07-26,3.137500047683716,3.1446470246315004
2017-07-27,3.152600049972534,3.1416802463531495
2017-07-28,3.1777000427246094,3.1668184251785276
2017-07-31,3.1257998943328857,3.1374743323326113
2017-08-01,3.12280011177063,3.124823466300964
2017-08-02,3.1122000217437744,3.1209852209091187
2017-08-03,3.111500024795532,3.114632823944092
2017-08-04,3.129300117492676,3.124689877510071
2017-08-07,3.1242001056671143,3.1262692694664
2017-08-08,3.1259000301361084,3.128590218067169
2017-08-09,3.1522998809814453,3.142230746269226
2017-08-10,3.1735999584198,3.1689617881774903
2017-08-11,3.1777000427246094,3.1724864377975464
2017-08-14,3.1872000694274902,3.1757322454452517
2017-08-15,3.16759991645813,3.1693035588264467
2017-08-16,3.151400089263916,3.153282455921173
2017-08-17,3.17330002784729,3.168941831111908
2017-08-18,3.1777000427246094,3.1703506412506104
2017-08-21,3.1630001068115234,3.1653058714866638
2017-08-22,3.1605000495910645,3.1584986367225647
2017-08-23,3.1393001079559326,3.1484344725608824
2017-08-24,3.1465001106262207,3.1482996730804444
2017-08-25,3.158699989318848,3.1565906133651733
2017-08-28,3.165800094604492,3.162367465019226
2017-08-29,3.1642000675201416,3.1630974469184876
2017-08-30,3.158799886703491,3.162324146270752
2017-08-31,3.1459999084472656,3.1511337599754334
2017-09-01,3.1777000427246094,3.164837427139282
2017-09-04,3.139400005340576,3.1404828023910523
2017-09-05,3.115799903869629,3.1275407481193542
2017-09-06,3.097899913787842,3.106118938446045
2017-09-07,3.097599983215332,3.104879183769226
2017-09-08,3.1777000427246094,3.1553864302635195
2017-09-11,3.0996999740600586,3.1193449831008913
2017-09-12,3.121900081634521,3.119864448070526
2017-09-13,3.131599903106689,3.129355742931366
2017-09-14,3.1180999279022217,3.122051558971405
2017-09-15,3.1096999645233154,3.117251980304718
2017-09-18,3.1349000930786133,3.127501055717468
2017-09-19,3.1328001022338867,3.13727347278595
2017-09-20,3.130599975585937,3.139708800315857
2017-09-21,3.134500026702881,3.1314446187019347
2017-09-22,3.123500108718872,3.133064279556274
2017-09-25,3.157299995422364,3.1442719917297364
2017-09-26,3.1638998985290527,3.159135736942291
2017-09-27,3.19190001487732,3.1790251936912535
2017-09-28,3.1809000968933105,3.1777366499900817
2017-09-29,3.1633999347686768,3.1604711594581603
2017-10-02,3.152899980545044,3.1575213866233827
2017-10-03,3.1407999992370605,3.149315586090088
2017-10-04,3.13319993019104,3.1414891576766966
2017-10-05,3.152400016784668,3.167718008518219
2017-10-06,3.1554999351501465,3.1601491599082947
2017-10-09,3.186800003051758,3.1742415914535522
2017-10-10,3.177799940109253,3.1753805470466614
2017-10-11,3.1696999073028564,3.1657147374153136
2017-10-12,3.1689999103546143,3.1641941351890566
2017-10-13,3.146199941635132,3.1550801453590394
2017-10-16,3.170300006866455,3.163435399532318
2017-10-17,3.156100034713745,3.1619838256835937
2017-10-18,3.170099973678589,3.1702757844924925
2017-10-19,3.164900064468384,3.164645040512085
2017-10-20,3.1909000873565674,3.18761506319046
2017-10-23,3.2344000339508057,3.2110086216926574
2017-10-24,3.2425999641418457,3.2515723857879637
2017-10-25,3.2311999797821045,3.239619580745697
2017-10-26,3.2864999771118164,3.2709717864990235
2017-10-27,3.234800100326538,3.249811047554016
2017-10-30,3.287300109863281,3.2739188561439514
2017-10-31,3.269599914550781,3.266634558200836
2017-11-01,3.266200065612793,3.2666374344825746
2017-11-02,3.2646000385284424,3.2665050206184385
2017-11-03,3.29259991645813,3.2785759463310242
2017-11-06,3.247900009155273,3.2613299918174743
2017-11-07,3.2701001167297363,3.2679140734672547
2017-11-08,3.251300096511841,3.255424447059631
2017-11-09,3.248699903488159,3.2540261478424073
2017-11-10,3.276400089263916,3.270905854701996
2017-11-13,3.275899887084961,3.2778421149253845
2017-11-14,3.3118999004364014,3.294880123138428
2017-11-15,3.2706000804901123,3.2837900438308716
2017-11-17,3.254499912261963,3.2599105577468874
2017-11-20,3.253999948501587,3.256860149860382
2017-11-21,3.257299900054932,3.2546645255088804
2017-11-22,3.222899913787842,3.2342967314720155
2017-11-23,3.22029995918274,3.223541159629822
2017-11-24,3.232899904251098,3.2285761413574217
2017-11-27,3.2263998985290527,3.2383621401786806
2017-11-28,3.209700107574463,3.218483654022217
2017-11-29,3.244800090789795,3.2367664642333986
2017-11-30,3.271199941635132,3.26573477602005
2017-12-01,3.2574000358581543,3.2612448205947877
2017-12-04,3.2425999641418457,3.2442311654090883
2017-12-05,3.240299940109253,3.245092148780823
2017-12-06,3.234299898147583,3.2391187233924867
2017-12-07,3.2871999740600586,3.2724529767036437
2017-12-08,3.287800073623657,3.2907574424743653
2017-12-11,3.303299903869629,3.299408347606659
2017-12-12,3.303100109100342,3.3051362600326537
2017-12-13,3.3085999488830566,3.3083099875450133
2017-12-14,3.340399980545044,3.3278911995887754
2017-12-15,3.2920000553131104,3.3066954345703126
2017-12-18,3.290499925613404,3.2910805506706238
2017-12-19,3.2885000705718994,3.290933033466339
2017-12-20,3.296499967575073,3.2972105646133425
2017-12-21,3.30679988861084,3.2998571338653564
2017-12-22,3.338000059127808,3.328552827835083
2017-12-25,3.3355000019073486,3.326677604198456
2017-12-26,3.3097000122070312,3.318134605884552
2017-12-27,3.3132998943328857,3.3163343472480773
2017-12-28,3.311100006103516,3.311580394744873
2017-12-29,3.3076000213623047,3.3107198066711425
2018-01-01,3.311000108718872,3.297455093860626
2018-01-02,3.2578001022338867,3.2712346873283384
2018-01-03,3.2355000972747803,3.238900061130524
2018-01-04,3.233099937438965,3.234469560146332
2018-01-05,3.226599931716919,3.2334931640625
2018-01-08,3.239000082015991,3.232983645915985
2018-01-09,3.246799945831299,3.2378353543281557
2018-01-10,3.2263998985290527,3.235185544490814
2018-01-11,3.214200019836426,3.2181192293167116
2018-01-12,3.200700044631958,3.209835648536682
2018-01-15,3.213200092315674,3.213631880283356
2018-01-16,3.2227001190185547,3.218902886390686
2018-01-17,3.2221999168396,3.2173081665039063
2018-01-18,3.2051000595092773,3.2107052278518675
2018-01-19,3.194700002670288,3.204293416976929
2018-01-22,3.200700044631958,3.200392442703247
2018-01-23,3.2355000972747803,3.222819083213806
2018-01-24,3.1451001167297363,3.178205065250397
2018-01-25,3.146899938583374,3.150359366893768
2018-01-26,3.151000022888184,3.1524436049461366
2018-01-29,3.153599977493286,3.159582394123077
2018-01-30,3.179500102996826,3.173559863090515
2018-01-31,3.1847000122070312,3.181577425956726
2018-02-01,3.1637001037597656,3.1762226634025574
2018-02-02,3.215399980545044,3.1966560049057007
2018-02-05,3.2611000537872314,3.2488294405937195
2018-02-06,3.2334001064300537,3.2390802679061887
2018-02-07,3.26990008354187,3.2590682530403137
2018-02-08,3.284600019454956,3.2738434162139893
2018-02-09,3.290800094604492,3.2866800479888916
2018-02-12,3.2939999103546143,3.290316345691681
2018-02-13,3.2941999435424805,3.285970766544342
2018-02-14,3.216200113296509,3.241769069671631
2018-02-15,3.2263998985290527,3.229993332386017
2018-02-16,3.228199958801269,3.230362364768982
2018-02-19,3.233099937438965,3.2361647663116453
2018-02-20,3.254300117492676,3.250171874046326
2018-02-21,3.2676000595092773,3.259013250827789
2018-02-22,3.248699903488159,3.250497751235962
2018-02-23,3.2372000217437744,3.239710021495819
2018-02-26,3.2225000858306885,3.226356261730194
2018-02-27,3.248500108718872,3.242053069591522
2018-02-28,3.244800090789795,3.2479792675971986
2018-03-01,3.25,3.2519479813575747
2018-03-02,3.249599933624268,3.251479749202728
2018-03-05,3.240999937057495,3.243379949092865
2018-03-06,3.2079999446868896,3.2208065519332885
2018-03-07,3.2428998947143555,3.2369999413490294
2018-03-08,3.2660999298095703,3.25453414106369
2018-03-09,3.256099939346313,3.2570633573532106
2018-03-12,3.2602999210357666,3.257263942718506
2018-03-13,3.258699893951416,3.2561895432472228
2018-03-14,3.258500099182129,3.2610318388938904
2018-03-15,3.282099962234497,3.271250781059265
2018-03-16,3.280100107192993,3.2835230889320375
2018-03-19,3.28410005569458,3.284741662502289
2018-03-20,3.30870008468628,3.298511878967285
2018-03-21,3.272700071334839,3.28631046295166
2018-03-22,3.3141000270843506,3.293823224067688
2018-03-23,3.314500093460083,3.314769462108612
2018-03-26,3.31030011177063,3.3093478713035585
2018-03-27,3.3229000568389893,3.3189036498069764
2018-03-28,3.319299936294556,3.3165961632728576
2018-03-29,3.303499937057495,3.30826797914505
2018-03-30,3.302000045776367,3.3043684449195863
2018-04-02,3.309400081634521,3.3017050652503968
2018-04-03,3.339400053024292,3.330614244937897
2018-04-04,3.327699899673462,3.3349563336372374
2018-04-05,3.341599941253662,3.3434103651046754
2018-04-06,3.367500066757202,3.3500358395576475
2018-04-09,3.4210000038146973,3.4058394050598144
2018-04-10,3.407299995422364,3.409409809589386
2018-04-11,3.37310004234314,3.3908316240310667
2018-04-12,3.4110000133514404,3.404984820842743
2018-04-13,3.424299955368042,3.415358985424042
2018-04-16,3.416100025177002,3.413449627399445
2018-04-17,3.405800104141236,3.408115867137909
2018-04-18,3.3770999908447266,3.4015595922470094
2018-04-19,3.382699966430664,3.3915179958343504
2018-04-20,3.4137001037597656,3.4066302614212036
2018-04-23,3.448899984359741,3.434373800754547
2018-04-24,3.4714999198913574,3.4617999544143676
2018-04-25,3.4809000492095947,3.4723394322395325
2018-04-26,3.4742000102996826,3.4770176148414613
2018-04-27,3.4581000804901123,3.4639934558868406
2018-04-30,3.505800008773804,3.4883078050613405
2018-05-01,3.506099939346313,3.5162615437507627
2018-05-02,3.549599885940552,3.5340465178489686
2018-05-03,3.526599884033203,3.5414109144210815
2018-05-04,3.525500059127808,3.53088983297348
2018-05-07,3.5492000579833984,3.5425524396896364
2018-05-08,3.5618999004364014,3.5597163343429568
2018-05-09,3.5903000831604004,3.5782860412597657
2018-05-10,3.549499988555908,3.572911593914032
2018-05-11,3.60290002822876,3.5852544050216677
2018-05-14,3.6215999126434326,3.6083065514564514
2018-05-15,3.648699998855591,3.6534927945137023
2018-05-16,3.6744000911712646,3.668108856678009
2018-05-17,3.695100069046021,3.6886718287467954
2018-05-18,3.7383999824523926,3.7156339874267577
2018-05-21,3.6756999492645264,3.6933669676780703
2018-05-22,3.6459999084472656,3.6657033553123473
2018-05-23,3.625600099563599,3.6379980487823484
2018-05-24,3.648099899291992,3.6485719456672667
2018-05-25,3.626199960708618,3.6478535733222963
2018-05-28,3.73420000076294,3.7055805888175963
2018-05-29,3.724100112915039,3.7293390679359435
2018-05-30,3.722100019454956,3.7207128038406374
2018-05-31,3.721999883651733,3.7229875326156616
2018-06-01,3.761600017547608,3.753743613243103
2018-06-04,3.744499921798706,3.7529689536094666
2018-06-05,3.80430006980896,3.783343831539154
2018-06-06,3.843400001525879,3.8165471873283385
2018-06-07,3.900700092315674,3.881243062496185
2018-06-08,3.704900026321411,3.7833844108581545
2018-06-11,3.7088000774383545,3.7153608322143556
2018-06-12,3.714999914169312,3.718955762863159
2018-06-13,3.7188000679016113,3.7262320380210876
2018-06-14,3.803999900817871,3.774669945716858
2018-06-15,3.7286999225616455,3.7712457566261293
2018-06-18,3.7462000846862793,3.7573898363113405
2018-06-19,3.744999885559082,3.7542995252609255
2018-06-20,3.769099950790405,3.7652667670249937
2018-06-21,3.7651000022888175,3.7738211913108826
2018-06-22,3.78629994392395,3.7809319596290587
2018-06-25,3.775099992752075,3.779758587837219
2018-06-26,3.795799970626831,3.7881013770103453
2018-06-27,3.860100030899048,3.8351972184181213
2018-06-28,3.859499931335449,3.8612277827262877
2018-06-29,3.875600099563599,3.861063648223877
2018-07-02,3.912600040435791,3.8941764369010925
2018-07-03,3.8963000774383545,3.9016488375663756
2018-07-04,3.91100001335144,3.8995574126243593
2018-07-05,3.931299924850464,3.918509563922882
2018-07-06,3.865900039672852,3.8818216280937197
2018-07-09,3.871299982070923,3.8582243847846986
2018-07-10,3.815099954605103,3.8345031776428224
2018-07-11,3.876100063323975,3.848542660713196
2018-07-12,3.88070011138916,3.874634069919586
2018-07-13,3.849400043487549,3.858418040275574
2018-07-16,3.8559999465942383,3.853012576580048
2018-07-17,3.835900068283081,3.84492063999176
2018-07-18,3.8492000102996826,3.8421250257492066
2018-07-19,3.828500032424927,3.8371282215118407
2018-07-20,3.7708001136779785,3.7977124800682067
2018-07-23,3.780400037765503,3.7724582056999205
2018-07-24,3.7460999488830566,3.758590570449829
2018-07-25,3.6863999366760254,3.7050789775848387
2018-07-26,3.74429988861084,3.733859332561493
2018-07-27,3.7111001014709473,3.7177456612586974
2018-07-30,3.728100061416626,3.7273394298553466
2018-07-31,3.753000020980835,3.742271622180939
2018-08-01,3.746999979019165,3.7476840062141417
2018-08-02,3.7483999729156494,3.7418677911758422
2018-08-03,3.7023000717163086,3.7186306414604187
2018-08-06,3.734499931335449,3.7345895524024963
2018-08-07,3.750499963760376,3.740904378890991
2018-08-08,3.770100116729736,3.7597210779190062
2018-08-09,3.799599885940552,3.7936443338394166
2018-08-10,3.865400075912476,3.8385076422691347
2018-08-13,3.881999969482422,3.879350172996521
2018-08-14,3.864399909973145,3.8727865443229677
2018-08-15,3.900599956512451,3.8892387685775756
2018-08-16,3.903899908065796,3.886538744926453
2018-08-17,3.9098000526428223,3.920929838180542
2018-08-20,3.9660000801086426,3.947259051322937
2018-08-21,4.048500061035156,4.01752105140686
2018-08-22,4.036900043487549,4.05898043012619
2018-08-23,4.112299919128418,4.0864065618515015
2018-08-24,4.102799892425537,4.102701482772827
2018-08-27,4.077499866485596,4.086933125495911
2018-08-28,4.133900165557861,4.106942144393921
2018-08-29,4.105500221252441,4.106081944465637
2018-08-30,4.148600101470947,4.129629664421081
2018-08-31,4.053699970245361,4.086758403778076
2018-09-03,4.154799938201904,4.125030541419983
2018-09-04,4.15369987487793,4.159130508422852
2018-09-05,4.143099784851074,4.145874873161316
2018-09-06,4.057300090789795,4.090429843902588
2018-09-07,4.043799877166748,4.066310842514038
2018-09-10,4.08459997177124,4.074616384983063
2018-09-11,4.151599884033203,4.137281312942505
2018-09-12,4.159800052642822,4.151906798362732
2018-09-13,4.204999923706055,4.181098331451416
2018-09-14,4.171999931335449,4.178617354393006
2018-09-17,4.1321001052856445,4.139626858711242
2018-09-18,4.158400058746338,4.139777466773987
2018-09-19,4.130300045013428,4.134603837966919
2018-09-20,4.076000213623047,4.100286750793457
2018-09-21,4.050000190734863,4.054648915290833
2018-09-24,4.091300010681152,4.072610929965973
2018-09-25,4.073599815368652,4.067825477600097
2018-09-26,4.030799865722656,4.042880097389221
2018-09-27,4.01200008392334,4.0283300862312315
2018-09-28,4.052700042724609,4.03931248998642
2018-10-01,4.01639986038208,4.0327731161117555
2018-10-02,3.939500093460083,3.9777666568756103
2018-10-03,3.900399923324585,3.91319495010376
2018-10-04,3.8738999366760254,3.8781957530975344
2018-10-05,3.8357999324798575,3.840971154212952
2018-10-08,3.7771999835968018,3.790854797363281
2018-10-09,3.714799880981445,3.7371589303016663
2018-10-10,3.754800081253052,3.735478853225708
2018-10-11,3.7815001010894775,3.7578570561408995
2018-10-12,3.781599998474121,3.7683364124298095
2018-10-15,3.7339000701904297,3.7479630398750303
2018-10-16,3.723599910736084,3.7208125405311585
2018-10-17,3.686199903488159,3.702343940258026
2018-10-18,3.7202999591827393,3.714846981048584
2018-10-19,3.710900068283081,3.713336847782135
2018-10-22,3.682300090789795,3.692308464050293
2018-10-23,3.6923999786376953,3.697948588371277
2018-10-24,3.731100082397461,3.7196970472335815
2018-10-25,3.704900026321411,3.7205128293037415
2018-10-26,3.6415998935699454,3.664365547180176
2018-10-29,3.715800046920776,3.7168112258911132
2018-10-30,3.694600105285645,3.6974588685035705
2018-10-31,3.720700025558472,3.713030426025391
2018-11-01,3.6949000358581534,3.713046241283416
2018-11-02,3.700000047683716,3.7134934458732607
2018-11-05,3.724600076675415,3.7212748589515687
2018-11-06,3.759900093078613,3.7537640767097473
2018-11-07,3.7304000854492174,3.7347260460853575
2018-11-08,3.759200096130371,3.7567004742622374
2018-11-09,3.729399919509888,3.7382465534210203
2018-11-12,3.766400098800659,3.7615952768325807
2018-11-13,3.801399946212769,3.789260154247284
2018-11-14,3.782399892807007,3.7861299443244936
2018-11-15,3.782399892807007,3.774403144836426
2018-11-16,3.742500066757202,3.756954617500305
2018-11-19,3.7544000148773193,3.7558916234970092
2018-11-20,3.75570011138916,3.764095250606537
2018-11-21,3.796099901199341,3.7781621408462525
2018-11-22,3.803100109100342,3.796721460342407
2018-11-23,3.67300009727478,3.715152060508728
2018-11-26,3.93969988822937,3.8446215448379517
2018-11-27,3.873500108718872,3.885446671485901
2018-11-28,3.8492000102996826,3.8561808190345763
2018-11-29,3.8510000705718994,3.854364850997925
2018-11-30,3.86520004272461,3.8625380368232727
2018-12-03,3.840800046920776,3.85232923746109
2018-12-04,3.851099967956543,3.852120975971222
2018-12-05,3.86739993095398,3.869884768009186
2018-12-06,3.8777999877929688,3.873338801383972
2018-12-07,3.9058001041412354,3.9002558765411375
2018-12-10,3.9166998863220215,3.9093727226257324
2018-12-11,3.902600049972534,3.8997824120521547
2018-12-12,3.854099988937378,3.8761127815246583
2018-12-13,3.890700101852417,3.88469286775589
2018-12-14,3.9154999256134033,3.9016831760406494
2018-12-17,3.897599935531616,3.8987419633865357
2018-12-18,3.910900115966797,3.904202073097229
2018-12-19,3.896199941635132,3.8995327467918397
2018-12-20,3.838900089263916,3.8650602712631223
2018-12-21,3.843400001525879,3.8473314065933226
2018-12-24,3.902600049972534,3.885365041255951
2018-12-25,3.9028000831604,3.8941002550125123
2018-12-26,3.920599937438965,3.905246177196503
2018-12-27,3.871500015258789,3.8808026056289675
2018-12-28,3.874200105667114,3.873663688182831
2018-12-31,3.880000114440918,3.877095690727234
2019-01-01,3.8798999786376953,3.853776779651642
2019-01-02,3.78629994392395,3.8204661674499514
2019-01-03,3.7551000118255615,3.7470598149299623
2019-01-04,3.661200046539306,3.691911825180054
2019-01-07,3.734100103378296,3.7225538725852965
2019-01-08,3.712399959564209,3.7110199813842772
2019-01-09,3.680000066757202,3.6880898332595824
2019-01-10,3.707900047302246,3.7017630338668823
2019-01-11,3.659600019454956,3.6815256066322326
2019-01-14,3.697499990463257,3.704493004798889
2019-01-15,3.716399908065796,3.7138905415534973
2019-01-16,3.734299898147583,3.7229643397331236
2019-01-17,3.7488999366760254,3.751477153778076
2019-01-18,3.750200033187866,3.74837601852417
2019-01-21,3.751399993896485,3.7517374005317694
2019-01-22,3.812000036239624,3.786583010196686
2019-01-23,3.7623000144958496,3.7869338040351868
2019-01-24,3.769799947738648,3.754412350177765
2019-01-25,3.769599914550781,3.7668837294578554
2019-01-28,3.759599924087525,3.7636405358314513
2019-01-29,3.7184998989105225,3.7309337277412413
2019-01-30,3.681400060653688,3.69594663476944
2019-01-31,3.642800092697144,3.6601474628448485
2019-02-01,3.6572999954223633,3.663009003639221
2019-02-04,3.6670000553131104,3.6684390230178834
2019-02-05,3.668299913406372,3.6728223581314086
2019-02-06,3.694700002670288,3.699036599159241
2019-02-07,3.714900016784668,3.716044212818146
2019-02-08,3.728600025177002,3.726572021007538
2019-02-11,3.755199909210205,3.748315535068512
2019-02-12,3.7079999446868896,3.7193639516830443
2019-02-13,3.753200054168701,3.735757439613342
2019-02-14,3.721999883651733,3.7273467259407043
2019-02-15,3.6468000411987305,3.677930220603943
2019-02-18,3.731699943542481,3.7098159732818603
2019-02-19,3.721999883651733,3.723801727294922
2019-02-20,3.723999977111816,3.7223027877807615
2019-02-21,3.766499996185303,3.746485193729401
2019-02-22,3.746299982070923,3.755518178462982
2019-02-25,3.750400066375733,3.744219647884369
2019-02-26,3.747100114822388,3.740381456375122
2019-02-27,3.727299928665161,3.734009962081909
2019-02-28,3.747499942779541,3.7460199546813966
2019-03-01,3.721400022506714,3.7352242193222045
2019-03-04,3.7741000652313232,3.7547510356903078
2019-03-05,3.774399995803833,3.7870004091262817
2019-03-06,3.8368000984191895,3.8158828558921813
2019-03-07,3.86929988861084,3.8561519255638124
2019-03-08,3.813400030136109,3.842634214401245
2019-03-11,3.837300062179565,3.832977042198181
2019-03-12,3.811599969863892,3.822468180656433
2019-03-13,3.8132998943328857,3.8129121375083925
2019-03-14,3.8405001163482666,3.8341966586112974
2019-03-15,3.812999963760376,3.820803178310394
2019-03-18,3.7899999618530273,3.806401188850403
2019-03-19,3.7876999378204346,3.803522740840912
2019-03-20,3.774199962615967,3.780568958282471
2019-03-21,3.7909998893737793,3.7873393235206603
2019-03-22,3.9059998989105225,3.865739724636078
2019-03-25,3.853600025177002,3.875828601360321
2019-03-26,3.875,3.8705035972595216
2019-03-27,3.9881999492645264,3.9391453700065613
2019-03-28,3.897700071334839,3.9269237914085386
2019-03-29,3.922499895095825,3.90791353559494
2019-04-01,3.84850001335144,3.886716415882111
2019-04-02,3.852299928665161,3.8513861484527587
2019-04-03,3.868299961090088,3.867611376285553
2019-04-04,3.8559000492095934,3.8575728397369384
2019-04-05,3.874000072479248,3.8683582525253297
2019-04-08,3.84820008277893,3.8601018509864806
2019-04-09,3.848000049591065,3.84919721698761
2019-04-10,3.8239998817443848,3.8368211364746094
2019-04-11,3.855799913406372,3.846430342197418
2019-04-12,3.880300045013428,3.880919033050537
2019-04-15,3.8703999519348153,3.884480370998383
2019-04-16,3.903800010681152,3.887383017539978
2019-04-17,3.936700105667114,3.9282472672462463
2019-04-18,3.9267001152038574,3.927833065986633
2019-04-19,3.934499979019165,3.934233783245087
2019-04-22,3.9340999126434326,3.9341047534942626
2019-04-23,3.918299913406372,3.932573729991913
2019-04-24,3.9895999431610094,3.9668305492401124
2019-04-25,3.952699899673462,3.9632547430992124
2019-04-26,3.929199934005737,3.931871943950653
2019-04-29,3.944299936294556,3.9373091435432435
2019-04-30,3.916899919509888,3.922818334102631
2019-05-01,3.919300079345703,3.932229266643524
2019-05-02,3.966200113296509,3.9569670734405515
2019-05-03,3.936599969863892,3.944310580253601
2019-05-06,3.9681999683380127,3.958183193206787
2019-05-07,3.9686999320983887,3.964183175086975
2019-05-08,3.926300048828125,3.9396196308135987
2019-05-09,3.9453999996185294,3.9404724168777467
2019-05-10,3.959700107574463,3.9570794744491575
2019-05-13,3.990499973297119,3.987573404788971
2019-05-14,3.975100040435791,3.9893872227668763
2019-05-15,3.999900102615357,3.9853642702102663
2019-05-16,4.046199798583984,4.031414885044098
2019-05-17,4.097400188446045,4.070647136211395
2019-05-20,4.094900131225586,4.086736267089844
2019-05-21,4.036799907684326,4.0582085733413695
2019-05-23,4.038700103759766,4.034153515815735
2019-05-24,4.021200180053711,4.026800940513611
2019-05-27,4.042099952697754,4.030825764656067
2019-05-28,4.023600101470947,4.0311953010559085
2019-05-29,3.973400115966797,3.9947448511123658
2019-05-30,3.9800000190734863,3.9714626250267027
2019-05-31,3.9242000579833984,3.943866041660309
2019-06-03,3.884099960327149,3.8835425853729246
2019-06-04,3.853600025177002,3.858432806015015
2019-06-05,3.8794000148773193,3.873730620384216
2019-06-06,3.878400087356568,3.877880644798279
2019-06-07,3.876499891281128,3.8747385330200195
2019-06-10,3.884500026702881,3.8808302154541017
2019-06-11,3.85509991645813,3.8589311423301695
2019-06-12,3.865900039672852,3.8662856369018557
2019-06-13,3.84820008277893,3.85475386428833
2019-06-14,3.8945000171661377,3.8751376218795777
2019-06-17,3.88700008392334,3.883765652179718
2019-06-18,3.859499931335449,3.861703149318695
2019-06-19,3.835400104522705,3.8455130705833436
2019-06-20,3.837699890136719,3.8359827189445497
2019-06-21,3.820499897003174,3.8246349172592162
2019-06-24,3.825599908828736,3.829748519897461
2019-06-25,3.8454999923706055,3.8418747749328612
2019-06-26,3.842900037765503,3.8420636219978332
2019-06-27,3.815999984741211,3.8263425970077516
2019-06-28,3.849499940872192,3.842317744255066
2019-07-01,3.839600086212158,3.840904664039612
2019-07-02,3.843899965286255,3.8360057783126833
2019-07-03,3.825000047683716,3.8299820370674134
2019-07-04,3.800800085067749,3.8056696348190306
2019-07-05,3.8190999031066895,3.8084289422035216
2019-07-08,3.799099922180176,3.8063019547462464
2019-07-09,3.799000024795532,3.7969422025680544
2019-07-10,3.7502999305725098,3.772904350757599
2019-07-11,3.754800081253052,3.75223605298996
2019-07-12,3.7344000339508057,3.741862627029419
2019-07-15,3.753700017929077,3.754677000999451
2019-07-16,3.767199993133545,3.7590762042999266
2019-07-17,3.7618000507354736,3.7660814385414123
2019-07-18,3.717400074005127,3.7307742476463317
2019-07-19,3.7458999156951904,3.730409149646759
2019-07-22,3.739799976348877,3.7450079860687255
2019-07-23,3.77239990234375,3.7636995453834534
2019-07-24,3.7713000774383545,3.7732064476013183
2019-07-25,3.775199890136719,3.775434946537018
2019-07-26,3.7734999656677246,3.7768561835289
2019-07-29,3.780100107192993,3.776952471733093
2019-07-30,3.789299964904785,3.782953790664673
2019-07-31,3.811700105667114,3.7995308589935304
2019-08-01,3.837300062179565,3.8289182262420653
2019-08-02,3.883899927139282,3.865591748714447
2019-08-05,3.973099946975708,3.9303625612258912
2019-08-06,3.958699941635132,3.9602841629981995
2019-08-07,3.967400074005127,3.9626936359405516
2019-08-08,3.91759991645813,3.9320865426063536
2019-08-09,3.940200090408325,3.9426304650306703
2019-08-12,3.9839000701904297,3.9657098526954653
2019-08-13,3.962399959564209,3.9750399889945984
2019-08-14,4.050300121307373,4.020115284442902
2019-08-15,3.9900999069213854,4.023158585071564
2019-08-16,4.0046000480651855,4.001975035190582
2019-08-19,4.073200225830078,4.045960142612457
2019-08-20,4.051700115203857,4.063607698440552
2019-08-21,4.02400016784668,4.032478691577912
2019-08-22,4.067999839782715,4.049631910324097
2019-08-23,4.126200199127197,4.102062942504883
2019-08-26,4.151500225067139,4.141076633453369
2019-08-27,4.122799873352051,4.125606538772583
2019-08-28,4.167699813842773,4.15058019733429
2019-08-29,4.168099880218506,4.15848131942749
2019-08-30,4.143899917602539,4.146179357528687
2019-09-02,4.1844000816345215,4.163982656478882
2019-09-03,4.16510009765625,4.156227690696716
2019-09-04,4.093200206756592,4.11693692779541
2019-09-05,4.105999946594238,4.093171352386475
2019-09-06,4.061299800872803,4.0871656837463375
2019-09-09,4.093400001525879,4.088242178916931
2019-09-10,4.079500198364258,4.081389302253723
2019-09-11,4.064199924468994,4.069610067367554
2019-09-12,4.058899879455566,4.0698861360549925
2019-09-13,4.0854997634887695,4.0816569519042964
2019-09-16,4.0792999267578125,4.076103915214539
2019-09-17,4.076000213623047,4.079303677558899
2019-09-18,4.1072998046875,4.095817163467407
2019-09-19,4.166600227355957,4.144542778015137
2019-09-20,4.1483001708984375,4.148873916625977
2019-09-23,4.161499977111816,4.158233191490173
2019-09-24,4.161699771881104,4.156517269134522
2019-09-25,4.14709997177124,4.147121192932129
2019-09-26,4.1691999435424805,4.164512361526489
2019-09-27,4.157100200653076,4.153096950531006
2019-09-30,4.154799938201904,4.153067173957825
2019-10-01,4.154600143432617,4.1439983291625975
2019-10-02,4.1244001388549805,4.137331880569458
2019-10-03,4.082900047302246,4.105508484840393
2019-10-04,4.054599761962891,4.070515102386475
2019-10-07,4.105100154876709,4.078528478145599
2019-10-08,4.09089994430542,4.098332702636719
2019-10-09,4.10830020904541,4.0980635194778445
2019-10-10,4.108399868011475,4.110418982505799
2019-10-11,4.108500003814697,4.112837735176086
2019-10-14,4.123700141906738,4.122359753608704
2019-10-15,4.178599834442139,4.149256498336792
2019-10-16,4.148600101470947,4.14594081401825
2019-10-17,4.161099910736084,4.148509346008301
2019-10-18,4.111100196838379,4.124975069999695
2019-10-21,4.1247639656066895,4.128731053352356
2019-10-22,4.078400135040283,4.101769034385681
2019-10-23,4.033100128173828,4.049086122512818
2019-10-24,4.039299964904785,4.032869372367859
2019-10-25,4.002900123596191,4.017260077953338
2019-10-28,3.988800048828125,3.9998836359977723
2019-10-29,3.9967000484466553,3.99833061504364
2019-10-30,3.9862000942230233,3.995566502571106
2019-10-31,4.015999794006348,3.9953360776901246
2019-11-01,3.989399909973145,4.002780022621155
2019-11-04,4.010799884796143,4.0082097406387325
2019-11-05,3.992000102996826,4.00694193649292
2019-11-06,4.082300186157227,4.05174990606308
2019-11-07,4.099500179290772,4.095151267051697
2019-11-08,4.133399963378906,4.114998739242553
2019-11-11,4.151299953460693,4.152790001869201
2019-11-12,4.167900085449219,4.166862166404724
2019-11-13,4.168600082397461,4.171003288269043
2019-11-14,4.194300174713135,4.183424535751342
2019-11-15,4.194799900054932,4.199099366188049
2019-11-18,4.216400146484375,4.209053087234497
2019-11-19,4.191699981689453,4.197115006446839
2019-11-20,4.195000171661377,4.196541126251221
2019-11-21,4.191699981689453,4.1949722137451175
2019-11-22,4.195000171661377,4.197640725135804
2019-11-25,4.225399971008301,4.218338201522827
2019-11-26,4.231800079345703,4.223595860481262
2019-11-27,4.262700080871582,4.247084876060486
2019-11-28,4.188000202178955,4.2134585409164425
2019-11-29,4.236100196838379,4.222501146316528
2019-12-02,4.222300052642822,4.2230432510375975
2019-12-03,4.203999996185303,4.206125411987305
2019-12-04,4.206099987030029,4.200554570198059
2019-12-05,4.184599876403809,4.190767723083496
2019-12-06,4.118899822235107,4.133873575210571
2019-12-09,4.14109992980957,4.127999749183655
2019-12-10,4.144599914550781,4.135592824935913
2019-12-11,4.123700141906738,4.129576017379761
2019-12-12,4.087247848510742,4.103980764389038
2019-12-13,4.0858001708984375,4.079668294906616
2019-12-16,4.0619001388549805,4.070015940666199
2019-12-17,4.070199966430664,4.069516801834107
2019-12-18,4.059662818908691,4.064985844612122
2019-12-19,4.06879997253418,4.070154897689819
2019-12-20,4.079899787902832,4.075702560424805
2019-12-23,4.081999778747559,4.079580271720887
2019-12-24,4.082799911499023,4.080075342178345
2019-12-25,4.083000183105469,4.077929252624512
2019-12-26,4.054699897766113,4.065867196083069
2019-12-27,4.022299766540527,4.037123466491699
2019-12-30,4.015710830688477,4.019308635234832
2019-12-31,4.016786098480225,4.015711351394653
2020-01-01,4.016300201416016,4.021933326244354
2020-01-02,4.023399829864502,4.024253680706024
2020-01-03,4.057000160217285,4.044826543807983
2020-01-06,4.060400009155273,4.058007686614991
2020-01-07,4.066199779510498,4.065876972198486
2020-01-08,4.06279993057251,4.06997221660614
2020-01-09,4.092100143432617,4.086224898338318
2020-01-10,4.070499897003174,4.078490494728088
2020-01-13,4.1458001136779785,4.123445521354675
2020-01-14,4.13129997253418,4.146354176521301
2020-01-15,4.174200057983398,4.160816181182861
2020-01-16,4.183599948883057,4.179394773483276
2020-01-17,4.161600112915039,4.168710111618042
2020-01-20,4.188499927520752,4.178038369178772
2020-01-21,4.210899829864502,4.209207637786865
2020-01-22,4.181300163269043,4.18971240901947
2020-01-23,4.169099807739258,4.171045293807984
2020-01-24,4.1595001220703125,4.168474261283874
2020-01-27,4.206099987030029,4.192756924629212
2020-01-28,4.193399906158447,4.2030513362884525
2020-01-29,4.228899955749512,4.221978549003601
2020-01-30,4.242199897766113,4.249028512001038
2020-01-31,4.282599925994873,4.26830512714386
2020-02-03,4.246799945831299,4.259871838569641
2020-02-04,4.253699779510498,4.252036720275879
2020-02-05,4.23360013961792,4.247029505729675
2020-02-06,4.280799865722656,4.28859338092804
2020-02-07,4.320400238037109,4.30263612651825
2020-02-10,4.320974826812744,4.3206892051696775
2020-02-11,4.327530860900879,4.33036945438385
2020-02-12,4.354499816894531,4.348940780639649
2020-02-13,4.346766948699951,4.346699222564697
2020-02-14,4.296999931335449,4.317978345870972
2020-02-17,4.326499938964844,4.327047308921814
2020-02-18,4.354800224304199,4.344520482063293
2020-02-19,4.363999843597412,4.339915740966797
2020-02-20,4.392300128936768,4.360582848548889
2020-02-21,4.389800071716309,4.391778725624085
2020-02-24,4.386600017547607,4.392654335021972
2020-02-25,4.386799812316895,4.402729521751404
2020-02-26,4.449100017547607,4.434145004272461
2020-02-27,4.484799861907959,4.474732295036316
2020-02-28,4.441299915313721,4.465138705253601
2020-03-02,4.472400188446045,4.49715105342865
2020-03-03,4.513199806213379,4.508929498672486
2020-03-04,4.583399772644043,4.544055667877197
2020-03-05,4.606200218200684,4.620126092910767
2020-03-06,4.589799880981445,4.627888906478882
2020-03-09,4.722899913787842,4.704600116729736
2020-03-10,4.642099857330322,4.685912763595581
2020-03-11,4.813799858093262,4.769883277893066
2020-03-12,4.790200233459473,4.822107970237732
2020-03-13,4.85260009765625,4.831704535484314
2020-03-16,4.999000072479248,4.956542698860169
2020-03-17,5.009699821472168,5.018353686332703
2020-03-18,5.103961944580078,5.0897873039245605
2020-03-19,5.094200134277344,5.093339075088501
2020-03-20,5.045499801635742,5.067932481765747
2020-03-23,5.14169979095459,5.113403692245483
2020-03-24,5.098100185394287,5.120926732063293
2020-03-25,5.033699989318848,5.061231808662415
2020-03-26,5.022600173950195,5.053459904670715
2020-03-27,5.104629039764404,5.087573162078858
2020-03-30,5.192699909210205,5.161280902862549
2020-03-31,5.203499794006348,5.206157047271729
2020-04-01,5.248199939727783,5.217501732826233
2020-04-02,5.255300045013428,5.239867902755737
2020-04-03,5.348499774932861,5.317886878967285
2020-04-06,5.285299777984619,5.328309121131897
2020-04-07,5.221700191497803,5.261295497894287
2020-04-08,5.123499870300293,5.174013300895691
2020-04-09,5.105800151824951,5.132034633636475
2020-04-10,5.105500221252441,5.121600820541381
2020-04-13,5.198500156402588,5.163538920402527
2020-04-14,5.162000179290772,5.177120306968689
2020-04-15,5.236999988555908,5.224460959434509
2020-04-16,5.230899810791016,5.233443068504333
2020-04-17,5.232699871063232,5.239439401626587
2020-04-20,5.315400123596191,5.281329228401184
2020-04-21,5.315000057220459,5.350346469879151
2020-04-22,5.456900119781494,5.41422329902649
2020-04-23,5.533100128173828,5.493938852310181
2020-04-24,5.5725998878479,5.565161832809448
2020-04-27,5.652599811553955,5.635535807609558
2020-04-28,5.497399806976318,5.5593912887573245
2020-04-29,5.334799766540527,5.405911262512207
2020-04-30,5.486000061035156,5.448384835243225
2020-05-01,5.477000236511231,5.487092131614685
2020-05-04,5.540599822998047,5.58840470790863
2020-05-05,5.578100204467773,5.561345204353333
2020-05-06,5.715199947357178,5.6699287824630735
2020-05-07,5.828719139099121,5.795685403823852
2020-05-08,5.477000236511231,5.5964563369750975
2020-05-11,5.8171000480651855,5.687121193885803
2020-05-12,5.884799957275391,5.851070241928101
2020-05-13,5.88640022277832,5.862756826400757
2020-05-14,5.8094000816345215,5.8194461441040035
2020-05-15,5.855199813842773,5.847824597358704
2020-05-18,5.718999862670898,5.715303300857544
2020-05-19,5.755199909210205,5.703039788246155
2020-05-20,5.690499782562256,5.700800144195557
2020-05-21,5.5524001121521,5.613582327842712
2020-05-22,5.52869987487793,5.536218531608582
2020-05-25,5.443399906158447,5.479353136062622
2020-05-26,5.343999862670898,5.364691071510315
2020-05-27,5.27269983291626,5.303495268821717
2020-05-28,5.403600215911865,5.357275271415711
2020-05-29,5.334799766540527,5.354738813400268
2020-06-01,5.366499900817871,5.344898727416992
2020-06-02,5.199299812316895,5.2593744192123415
2020-06-03,5.061600208282471,5.1327891397476195
2020-06-04,5.117199897766113,5.113132899284363
2020-06-05,4.959499835968018,5.047984501838684
2020-06-08,4.821599960327148,4.891565150260925
2020-06-09,4.898399829864502,4.870952429771424
2020-06-10,4.9721999168396,4.970333346366882
2020-06-11,4.974999904632568,4.992955620765686
2020-06-12,5.047800064086914,5.019454479217529
2020-06-15,5.153206825256348,5.127965929985046
2020-06-16,5.243599891662598,5.239674936294556
2020-06-17,5.22790002822876,5.23816069984436
2020-06-18,5.377200126647949,5.310466499328613
2020-06-19,5.309999942779541,5.342564150810242
2020-06-22,5.25190019607544,5.285491330146789
2020-06-23,5.151000022888184,5.214870925903321
2020-06-24,5.34660005569458,5.2811862020492555
2020-06-25,5.359499931335449,5.352094534873962
2020-06-26,5.480899810791016,5.420559949874878
2020-06-29,5.402100086212158,5.42590567111969
2020-06-30,5.461699962615967,5.430708853721619
2020-07-01,5.316199779510498,5.385229850769043
2020-07-02,5.35890007019043,5.352073570251465
2020-07-03,5.311399936676025,5.330387439727783
2020-07-06,5.354300022125244,5.342181943893433
2020-07-07,5.377799987792969,5.360269636154174
2020-07-08,5.342599868774414,5.345537590026855
2020-07-09,5.337800025939941,5.341669233322143
2020-07-10,5.326900005340576,5.334587026596069
2020-07-13,5.401500225067139,5.370937419891358
2020-07-14,5.366799831390381,5.365442230224609
2020-07-15,5.366948127746582,5.3530884418487545
2020-07-16,5.330699920654297,5.333748225212097
2020-07-17,5.385300159454346,5.356810368537903
2020-07-20,5.327700138092041,5.350413904190064
2020-07-21,5.1697998046875,5.24277820777893
2020-07-22,5.118100166320801,5.131765119552612
2020-07-23,5.210599899291992,5.1754882574081424
2020-07-24,5.229100227355957,5.215111105918885
2020-07-27,5.141421794891357,5.198587161064148
2020-07-28,5.152299880981445,5.157855632781982
2020-07-29,5.168799877166748,5.17237843132019
2020-07-30,5.153900146484375,5.151932554244995
2020-07-31,5.221199989318848,5.199368188858032
2020-08-03,5.318699836730957,5.272570043563843
2020-08-04,5.290200233459473,5.317609573364257
2020-08-05,5.290900230407715,5.3021188802719115
2020-08-06,5.331299781799316,5.318526681900025
2020-08-07,5.43720006942749,5.399714169502258
2020-08-10,5.480500221252441,5.453599135398865
2020-08-11,5.38040018081665,5.40891372013092
2020-08-12,5.434999942779541,5.43311789226532
2020-08-13,5.367000102996826,5.409892481803894
2020-08-14,5.42080020904541,5.398734128952026
2020-08-17,5.508299827575684,5.479997625350952
2020-08-18,5.465400218963623,5.497481753349304
2020-08-19,5.556399822235107,5.506085297584534
2020-08-20,5.555900096893311,5.563015248298645
2020-08-21,5.618599891662598,5.5939499502182
2020-08-24,5.610599994659424,5.5942927131652835
2020-08-25,5.507400035858154,5.535051600456238
2020-08-26,5.607200145721436,5.557238120079041
2020-08-27,5.568699836730957,5.555310699462891
2020-08-28,5.389999866485596,5.459346413612366
2020-08-31,5.490900039672852,5.475827205657959
2020-09-01,5.397299766540527,5.424394680976867
2020-09-02,5.338699817657471,5.371314754486084
2020-09-03,5.289899826049805,5.305037364959717
2020-09-04,5.301000118255615,5.299731359481812
2020-09-07,5.298299789428711,5.30489767742157
2020-09-08,5.360599994659424,5.335998574256897
2020-09-09,5.308499813079834,5.324429081916809
2020-09-10,5.320499897003174,5.31641933631897
2020-09-11,5.316199779510498,5.315797610282898
2020-09-14,5.26830005645752,5.287050419807434
2020-09-15,5.2743000984191895,5.271194915771485
2020-09-16,5.236000061035156,5.2540240545272825
2020-09-17,5.237800121307373,5.264587701797486
2020-09-18,5.389800071716309,5.339638010025024
2020-09-21,5.412600040435791,5.412217226028442
2020-09-22,5.469900131225586,5.443215491294861
2020-09-23,5.592400074005127,5.522006202697754
2020-09-24,5.508399963378906,5.5418336935043335
2020-09-25,5.561100006103516,5.550251014709473
2020-09-28,5.660200119018555,5.623989998817444
2020-09-29,5.630499839782715,5.624747303009033
2020-09-30,5.608399868011475,5.622732592582703
2020-10-01,5.642000198364258,5.631779537200928
2020-10-02,5.681600093841553,5.662588263511657
2020-10-05,5.573400020599365,5.619727512359619
2020-10-06,5.593800067901611,5.597574361801147
2020-10-07,5.611299991607666,5.604154392242432
2020-10-08,5.598599910736084,5.604191235542297
2020-10-09,5.52899980545044,5.561691095352173
2020-10-12,5.529699802398682,5.53994867515564
2020-10-13,5.56850004196167,5.557819780349732
2020-10-14,5.590499877929688,5.565881100654602
2020-10-15,5.611199855804443,5.608292876243591
2020-10-16,5.644800186157227,5.625471369743347
2020-10-19,5.605599880218506,5.625589951515198
2020-10-20,5.6041998863220215,5.602296006202698
2020-10-21,5.607800006866455,5.6033948163986205
2020-10-22,5.591300010681152,5.597342799186706
2020-10-23,5.616199970245361,5.606155044555664
2020-10-26,5.622700214385986,5.626965033531189
2020-10-27,5.7052001953125,5.678136276245117
2020-10-28,5.744900226593018,5.7353332319259644
2020-10-29,5.7778000831604,5.763165432929993
2020-10-30,5.741399765014648,5.733039843559265
2020-11-02,5.741099834442139,5.739332902908325
2020-11-03,5.754899978637695,5.743420770645142
2020-11-04,5.663000106811523,5.6950698595047
2020-11-05,5.523399829864502,5.559010343551636
2020-11-06,5.36269998550415,5.437008375167847
2020-11-09,5.384699821472168,5.36887007522583
2020-11-10,5.413899898529053,5.408670394897461
2020-11-11,5.389999866485596,5.3906151523590085
2020-11-12,5.456699848175049,5.435124125480652
2020-11-13,5.456999778747559,5.439588815689087
2020-11-16,5.414899826049805,5.419294041633606
2020-11-17,5.327199935913086,5.354899765014649
2020-11-18,5.361700057983398,5.351712384223938
2020-11-19,5.304500102996826,5.330069121360779
2020-11-20,5.378099918365479,5.357104349136352
2020-11-23,5.440599918365479,5.410451137542726
2020-11-24,5.372600078582764,5.382766739845276
2020-11-25,5.3225998878479,5.3495023193359375
2020-11-26,5.335299968719482,5.337146315574646
2020-11-27,5.34250020980835,5.345632647514344
2020-11-30,5.331099987030029,5.334859127044678
2020-12-01,5.204899787902832,5.257088849067688
2020-12-02,5.216300010681152,5.209296391487122
2020-12-03,5.151000022888184,5.172378121376037
2020-12-04,5.154399871826172,5.145846057891846
2020-12-07,5.098299980163574,5.120756211280823
2020-12-08,5.119699954986572,5.115448271751403
2020-12-09,5.169700145721436,5.154130049705506
2020-12-10,5.024199962615967,5.075938013076782
2020-12-11,5.064199924468994,5.073868185043335
2020-12-14,5.117700099945068,5.107633588790893
2020-12-15,5.078884124755859,5.102836442947388
2020-12-16,5.083199977874756,5.086110470771789
2020-12-17,5.056900024414063,5.070995058059692
2020-12-18,5.100599765777588,5.095023735046387
2020-12-21,5.118937969207764,5.111801070213318
2020-12-22,5.1566548347473145,5.14407732963562
2020-12-23,5.2153000831604,5.178873759269714
2020-12-24,5.2153000831604,5.215174241065979
2020-12-25,5.2153000831604,5.217348092079162
2020-12-28,5.2459001541137695,5.231855821609497
2020-12-29,5.208600044250488,5.229465964317321
2020-12-30,5.190838813781738,5.200620467185974
2020-12-31,5.1921000480651855,5.20052640914917
2021-01-01,5.19189977645874,5.217052247047424
2021-01-04,5.295300006866455,5.2641103591918945
2021-01-05,5.28410005569458,5.304891828536987
2021-01-06,5.312900066375732,5.310577622413636
2021-01-07,5.40880012512207,5.373595550537109
2021-01-08,5.412188053131104,5.426345928192139
2021-01-11,5.48769998550415,5.457338928222656
2021-01-12,5.321400165557861,5.356273044586182
2021-01-13,5.297500133514404,5.325817109107971
2021-01-14,5.195799827575684,5.2439706945419315
2021-01-15,5.291299819946289,5.258170589447022
2021-01-18,5.2947998046875,5.310330888748169
2021-01-19,5.3566999435424805,5.337179559707642
2021-01-20,5.290500164031982,5.334604419708252
2021-01-21,5.349500179290772,5.338224563598633
2021-01-22,5.465499877929688,5.428193568229675
2021-01-25,5.465499877929688,5.432343857765198
2021-01-26,5.353799819946289,5.388848834991455
2021-01-27,5.412600040435791,5.402984243392944
2021-01-28,5.437989234924316,5.441535584449768
2021-01-29,5.4608001708984375,5.441779353141785
2021-02-01,5.430500030517578,5.4279238300323485
2021-02-02,5.366899967193604,5.380153903961181
2021-02-03,5.352000236511231,5.3583524150848385
2021-02-04,5.4257001876831055,5.397580827713012
2021-02-05,5.369200229644775,5.3752417573928835
2021-02-08,5.364299774169922,5.367708655357361
2021-02-09,5.376699924468994,5.37244800567627
2021-02-10,5.384900093078613,5.384934229850769
2021-02-11,5.3653998374938965,5.378903853416443
2021-02-12,5.368599891662598,5.372783336639404
2021-02-15,5.368000030517578,5.369234198570251
2021-02-16,5.369400024414063,5.370075823783875
2021-02-17,5.409800052642822,5.3951612043380734
2021-02-18,5.42579984664917,5.419359142303467
2021-02-19,5.38070011138916,5.3843432722091675
2021-02-22,5.463399887084961,5.439544207572937
2021-02-23,5.439599990844727,5.43755892086029
2021-02-24,5.402964115142822,5.413437537193298
2021-02-25,5.528025150299072,5.485336282730103
2021-02-26,5.597599983215332,5.546285135269165
2021-03-01,5.640699863433838,5.622831406593323
2021-03-02,5.675099849700928,5.671184198379517
2021-03-03,5.617499828338623,5.634210069656372
2021-03-04,5.668300151824951,5.655393836021424
2021-03-05,5.689499855041504,5.656378232002258
2021-03-08,5.874599933624268,5.782055383682251
2021-03-09,5.801499843597412,5.769156908988952
2021-03-10,5.67110013961792,5.712185030937195
2021-03-11,5.534800052642822,5.593601036071777
2021-03-12,5.495155811309815,5.517543504714966
2021-03-15,5.614500045776367,5.560121766090393
2021-03-16,5.6234002113342285,5.6188692255020145
2021-03-17,5.583099842071533,5.617628028869629
2021-03-18,5.558700084686279,5.580886455535889
2021-03-19,5.493563175201416,5.520877079963684
2021-03-22,5.505499839782715,5.513364922523499
2021-03-23,5.520400047302246,5.535887277603149
2021-03-24,5.61959981918335,5.588964106559754
2021-03-25,5.648399829864502,5.651991950035095
2021-03-26,5.752399921417236,5.703589912414551
2021-03-29,5.780799865722656,5.747149488449097
2021-03-30,5.771599769592285,5.744193637847901
2021-03-31,5.63129997253418,5.674501136779785
2021-04-01,5.707399845123291,5.684176487922668
2021-04-02,5.710599899291992,5.697457178115845
2021-04-05,5.662700176239014,5.673785104751587
2021-04-06,5.593200206756592,5.618163666725159
2021-04-07,5.612100124359131,5.601467048645019
2021-04-08,5.566599845886231,5.584871727943421
2021-04-09,5.679299831390381,5.6197129278182985
2021-04-12,5.732200145721436,5.690658566474915
2021-04-13,5.716300010681152,5.704747636795044
2021-04-14,5.652900218963623,5.673697658538819
2021-04-15,5.614999771118164,5.626377890586853
2021-04-16,5.5858001708984375,5.5962237358093265
2021-04-19,5.545300006866455,5.558350155830383
2021-04-20,5.56790018081665,5.544959095954895
2021-04-21,5.56790018081665,5.538460766792297
2021-04-22,5.44320011138916,5.489252331733703
2021-04-23,5.477200031280518,5.437448556900025
2021-04-26,5.435299873352051,5.447304896354675
2021-04-27,5.451000213623047,5.43496043586731
2021-04-28,5.341400146484375,5.377411047935486
2021-04-29,5.336400032043457,5.343282751083374
2021-04-30,5.439700126647949,5.397963698387146
2021-05-03,5.43809986114502,5.424804362297058
2021-05-04,5.442599773406982,5.4270647401809695
2021-05-05,5.352700233459473,5.379974011421203
2021-05-06,5.273430824279785,5.292770782470703
2021-05-07,5.235499858856201,5.254965796470642
2021-05-10,5.2221999168396,5.225036545753479
2021-05-11,5.221199989318848,5.231882056236267
2021-05-12,5.303100109100342,5.274119434356689
2021-05-13,5.307700157165527,5.305681608200073
2021-05-14,5.269499778747559,5.2814604139328
2021-05-17,5.271500110626221,5.269802834510803
2021-05-18,5.259500026702881,5.2637273874282835
2021-05-19,5.308000087738037,5.297442074775696
2021-05-20,5.281300067901611,5.289805339813232
2021-05-21,5.361800193786621,5.329068609237671
2021-05-24,5.31850004196167,5.319179286956787
2021-05-25,5.330699920654297,5.319404905319214
2021-05-26,5.310500144958496,5.309427400588989
2021-05-27,5.2382001876831055,5.256872330665589
2021-05-28,5.23799991607666,5.233478935241699
2021-05-31,5.216599941253662,5.221350558280945
2021-06-01,5.149700164794922,5.167909013748169
2021-06-02,5.07450008392334,5.096206336021424
2021-06-03,5.076300144195557,5.065326781272888
2021-06-04,5.044600009918213,5.052021381378174
2021-06-07,5.045199871063232,5.046298748970032
2021-06-08,5.034900188446045,5.043483306884766
2021-06-09,5.061500072479248,5.048773310661316
2021-06-10,5.054500102996826,5.060413055419922
2021-06-11,5.117000102996826,5.091098278999328
2021-06-14,5.058599948883057,5.070563057899475
2021-06-15,5.043799877166748,5.053357266426087
2021-06-16,5.054299831390381,5.047536505699158
2021-06-17,5.007400035858154,5.0340794506073
2021-06-18,5.0960001945495605,5.061065139770508
2021-06-21,5.0131001472473145,5.0414364013671875
2021-06-22,4.957099914550781,4.990314774513244
2021-06-23,4.965199947357178,4.955163408279419
2021-06-24,4.912700176239014,4.937589232444763
2021-06-25,4.91540002822876,4.9175316524505615
2021-06-28,4.924799919128418,4.925454057693481
2021-06-29,4.955100059509277,4.941718927383423
2021-06-30,4.969200134277344,4.957452835083008
2021-07-01,5.045102119445801,5.021043864250183
2021-07-02,5.059199810028076,5.063155457496643
2021-07-05,5.088459014892578,5.0817759408950804
2021-07-06,5.195300102233887,5.164196798324585
2021-07-07,5.231200218200684,5.2157158117294316
2021-07-08,5.257999897003174,5.240972882270813
2021-07-09,5.257900238037109,5.237204685211181
2021-07-12,5.172699928283691,5.203379961013794
2021-07-13,5.162399768829346,5.165916025161743
2021-07-14,5.069900035858154,5.1038245630264285
2021-07-15,5.110000133514404,5.1024946165084835
2021-07-16,5.1153998374938965,5.118421160697937
2021-07-19,5.250899791717529,5.206515920639038
2021-07-20,5.219900131225586,5.223638392448425
2021-07-21,5.187300205230713,5.208202421188354
2021-07-22,5.1996002197265625,5.198258940696716
2021-07-23,5.19789981842041,5.194265265464782
2021-07-26,5.1753997802734375,5.183689061164856
2021-07-27,5.169099807739258,5.174982296943664
2021-07-28,5.114799976348877,5.1331617612838745
2021-07-29,5.080399990081787,5.106545079231262
2021-07-30,5.208700180053711,5.1695836763381955
2021-08-02,5.174600124359131,5.181475655555725
2021-08-03,5.196800231933594,5.19597755241394
2021-08-04,5.1682000160217285,5.176843179702759
2021-08-05,5.245200157165527,5.2138054676055905
2021-08-06,5.23199987411499,5.225274460792542
2021-08-09,5.231800079345703,5.22897245979309
2021-08-10,5.188300132751465,5.205424593925476
2021-08-11,5.218200206756592,5.206097539901734
2021-08-12,5.252200126647949,5.241235977172852
2021-08-13,5.247499942779541,5.24606515789032
2021-08-16,5.259699821472168,5.2435617332458495
2021-08-17,5.294300079345703,5.2857377576828
2021-08-18,5.378600120544434,5.347836504936218
2021-08-19,5.414100170135498,5.3960287427902225
2021-08-20,5.379000186920166,5.389555532455445
2021-08-23,5.379899978637695,5.362911684036255
2021-08-24,5.245800018310547,5.297561075210571
2021-08-25,5.210999965667725,5.215231575012207
2021-08-26,5.251599788665772,5.230525959968568
2021-08-27,5.2027997970581055,5.215456164360046
2021-08-30,5.182899951934815,5.184833337783814
2021-08-31,5.1493000984191895,5.16778022480011
2021-09-01,5.184599876403809,5.178184406280518
2021-09-02,5.18179988861084,5.192456072807312
2021-09-03,5.189799785614014,5.191950263977051
2021-09-06,5.169300079345703,5.179062447547913
2021-09-07,5.169600009918213,5.1935239562988285
2021-09-08,5.3206000328063965,5.265207521438598
2021-09-09,5.196499824523926,5.237977999687195
2021-09-10,5.247000217437744,5.2307607412338255
2021-09-13,5.213200092315674,5.2222715730667115
2021-09-14,5.238900184631348,5.225260819435119
2021-09-15,5.221700191497803,5.2264084644317625
2021-09-16,5.256800174713135,5.2436620807647705
2021-09-17,5.289700031280518,5.281530396461487
2021-09-20,5.323200225830078,5.313099789619446
2021-09-21,5.268899917602539,5.284861616134643
2021-09-22,5.287700176239014,5.2837442111968995
2021-09-23,5.3018999099731445,5.301959106445312
2021-09-24,5.336999893188477,5.323604891777038
2021-09-27,5.390399932861328,5.355129481315613
2021-09-28,5.427599906921387,5.429453039169312
2021-09-29,5.414299964904785,5.416950606346131
2021-09-30,5.441699981689453,5.433657259941101
2021-10-01,5.367899894714356,5.393810839653015
2021-10-04,5.453199863433838,5.417031320571899
2021-10-05,5.475500106811523,5.457806839942932
2021-10-06,5.491899967193604,5.490705882072449
2021-10-07,5.517000198364258,5.498192169189453
2021-10-08,5.506899833679199,5.5150667695999145
2021-10-11,5.535999774932861,5.534171841621399
2021-10-12,5.531499862670898,5.534257843971252
2021-10-13,5.512499809265137,5.5175100440979
2021-10-14,5.512199878692627,5.510565664291382
2021-10-15,5.458399772644043,5.480500353813172
2021-10-18,5.511300086975098,5.488441672325134
2021-10-19,5.5833001136779785,5.561666654586792
2021-10-20,5.59630012512207,5.59481088256836
2021-10-21,5.657800197601318,5.628213156700134
2021-10-22,5.649199962615967,5.628509537696838
2021-10-25,5.554399967193604,5.590475846290588
2021-10-26,5.564799785614014,5.555410270690918
2021-10-27,5.534999847412109,5.551327322006226
2021-10-28,5.644899845123291,5.608031281471252
2021-10-29,5.633699893951416,5.631519394874573
2021-11-01,5.678899765014648,5.658900729179383
2021-11-02,5.678599834442139,5.653753499984742
2021-11-03,5.5524001121521,5.595162583351136
2021-11-04,5.6016998291015625,5.583358083724976
2021-11-05,5.541100025177002,5.557409384727478
2021-11-08,5.543099880218506,5.543853449821472
2021-11-09,5.479100227355957,5.511928106307983
2021-11-10,5.4899001121521,5.472744128227234
2021-11-11,5.3979997634887695,5.434669357299804
2021-11-12,5.457600116729736,5.434205163002014
2021-11-15,5.456299781799316,5.467881110191345
2021-11-16,5.502200126647949,5.485863055229187
2021-11-17,5.52869987487793,5.536126502990722
2021-11-18,5.556399822235107,5.555273972511292
2021-11-19,5.611599922180176,5.596097041130066
2021-11-22,5.585599899291992,5.5915754032135006
2021-11-23,5.570400238037109,5.5783180227279665
2021-11-24,5.605199813842773,5.592869471549988
2021-11-25,5.565100193023682,5.575598521232605
2021-11-26,5.607800006866455,5.603965030670166
2021-11-29,5.6006999015808105,5.599026827812195
2021-11-30,5.620871067047119,5.610872612953186
2021-12-01,5.6915669441223145,5.673815147399902
2021-12-02,5.643321990966797,5.6679919767379765
2021-12-03,5.65009880065918,5.659773827552796
2021-12-06,5.688000202178955,5.676910116195678
2021-12-07,5.611800193786621,5.63927691078186
2021-12-08,5.531599998474121,5.56997241973877
2021-12-09,5.571100234985352,5.5656472606658935
2021-12-10,5.60866117477417,5.607388702392578
2021-12-13,5.679699897766113,5.648933839797974
2021-12-14,5.680600166320801,5.682606072425842
2021-12-15,5.679399967193604,5.676099129676819
2021-12-16,5.687399864196777,5.6760881814956665
2021-12-17,5.693059921264648,5.6863435401916504
2021-12-20,5.741300106048584,5.714835938453675
2021-12-21,5.74399995803833,5.721566303253174
2021-12-22,5.652999877929688,5.676037615776062
2021-12-23,5.671795845031738,5.663847008705139
2021-12-24,5.67110013961792,5.657439395904541
2021-12-27,5.624100208282471,5.636280921936035
2021-12-28,5.627500057220459,5.639618322372437
2021-12-29,5.702700138092041,5.673864240646362
2021-12-30,5.570199966430664,5.618203509330749
2021-12-31,5.569300174713135,5.593707537651062
2022-01-03,5.68120002746582,5.627341159820556
2022-01-04,5.676199913024902,5.661246863365173
2022-01-05,5.705635070800781,5.673265378952026
2022-01-06,5.682400226593018,5.674880721092224
2022-01-07,5.632199764251709,5.643807535171509
2022-01-10,5.662199974060059,5.657806725502014
2022-01-11,5.567299842834473,5.597716464042664
2022-01-12,5.533199787139893,5.543311326026917
2022-01-13,5.526700019836426,5.535381190299987
2022-01-14,5.533299922943115,5.533563976287842
2022-01-17,5.5157999992370605,5.525695208549499
2022-01-18,5.565700054168701,5.5474389438629155
2022-01-19,5.43720006942749,5.482103933334351
2022-01-20,5.418099880218506,5.413809480667115
2022-01-21,5.457099914550781,5.436939739227295
2022-01-24,5.486100196838379,5.470657382965088
2022-01-25,5.440703868865967,5.442257342338562
2022-01-26,5.429166793823242,5.4190231866836545
2022-01-27,5.40348482131958,5.408679507255554
2022-01-28,5.362599849700928,5.3897932386398315
2022-01-31,5.303100109100342,5.308779052734375
2022-02-01,5.264500141143799,5.275467361450195
2022-02-02,5.260900020599365,5.260637945175171
2022-02-03,5.282899856567383,5.276774699211121
2022-02-04,5.326900005340576,5.310084282875061
2022-02-07,5.262599945068359,5.271199626922607
2022-02-08,5.258399963378906,5.263657434463501
2022-02-09,5.234499931335449,5.248173324584961
2022-02-10,5.248700141906738,5.243024656295776
2022-02-11,5.249956130981445,5.239876238822937
2022-02-14,5.214000225067139,5.223042368888855
2022-02-15,5.157899856567383,5.175358425140381
2022-02-16,5.135799884796143,5.146491833686829
2022-02-17,5.170599937438965,5.154647054672242
2022-02-18,5.137499809265137,5.151519671440124
2022-02-21,5.102700233459473,5.116409888267517
2022-02-22,5.05709981918335,5.0787330961227415
2022-02-23,5.008699893951416,5.035748775482178
2022-02-24,5.122200012207031,5.085780285835266
2022-02-25,5.15939998626709,5.147206745147705
2022-02-28,5.158400058746338,5.150009368896485
2022-03-01,5.158999919891357,5.1387430267333984
2022-03-02,5.096502780914307,5.108145767211914
2022-03-03,5.030900001525879,5.055105109214782
2022-03-04,5.06056022644043,5.037988468170166
2022-03-07,5.110499858856201,5.079934889793396
2022-03-08,5.058800220489502,5.066906063079834
2022-03-09,5.011499881744385,5.027276156425476
2022-03-10,5.009699821472168,5.015119782447815
2022-03-11,5.073500156402588,5.0563896970748905
2022-03-14,5.121399879455566,5.094278520584107
2022-03-15,5.1631999015808105,5.139777234077454
2022-03-16,5.073874950408936,5.100528011322021
2022-03-17,5.039400100708008,5.052266918182373
2022-03-18,5.0177998542785645,5.0230305271148685
2022-03-21,4.935200214385986,4.965655145645141
2022-03-22,4.909999847412109,4.917506674766541
2022-03-23,4.82420015335083,4.854934371948242
2022-03-24,4.826300144195557,4.809176122665405
2022-03-25,4.7368998527526855,4.7730145893096925
2022-03-28,4.764100074768066,4.754686391830444
2022-03-29,4.756199836730957,4.755557007789612
2022-03-30,4.769700050354004,4.757742771148681
2022-03-31,4.737800121307373,4.74944146156311
2022-04-01,4.657199859619141,4.680818122863769
2022-04-04,4.593800067901611,4.6213258352279665
2022-04-05,4.650700092315674,4.65926104927063
2022-04-06,4.715199947357178,4.701526580810547
2022-04-07,4.752099990844727,4.7293696146011355
2022-04-08,4.698100090026856,4.7017179193496705
2022-04-11,4.693600177764893,4.698031314849853
2022-04-12,4.673099994659424,4.679055027008056
2022-04-13,4.690199851989746,4.676627346038819
2022-04-14,4.701000213623047,4.6911001396179195
2022-04-15,4.7006001472473145,4.686569487571716
2022-04-18,4.651999950408936,4.666659810066223
2022-04-19,4.664999961853027,4.656576577186584
2022-04-20,4.620800018310547,4.633750203132629
2022-04-21,4.620800018310547,4.652690789222717
2022-04-22,4.795199871063232,4.737309919357299
2022-04-25,4.876200199127197,4.848013812065124
2022-04-26,4.997799873352051,4.957213008880616
2022-04-27,4.963600158691406,4.980301997184753
2022-04-28,4.93779993057251,4.950383797645569
2022-04-29,4.97130012512207,4.9653669481277465
2022-05-02,5.084700107574463,5.044560447692871
2022-05-03,4.958099842071533,5.022869012832642
2022-05-04,4.918799877166748,4.933751118659973
2022-05-05,5.027999877929688,4.990809329032898
2022-05-06,5.080399990081787,5.058081575393677
2022-05-09,5.160900115966797,5.128880753517151
2022-05-10,5.13129997253418,5.1366999797821045
2022-05-11,5.134252071380615,5.132655944824219
2022-05-12,5.133399963378906,5.133369087219238
2022-05-13,5.058300018310547,5.079344271659851
2022-05-16,5.059700012207031,5.061048491477966
2022-05-17,4.93809986114502,4.987529472351074
2022-05-18,4.96750020980835,4.9681461219787595
2022-05-19,4.929999828338623,4.9671834287643435
2022-05-20,4.880199909210205,4.901330625534057
2022-05-23,4.813499927520752,4.844656886100769
2022-05-24,4.817800045013428,4.81662578201294
2022-05-25,4.822800159454346,4.818649380683899
2022-05-26,4.768199920654297,4.784808962821961
2022-05-27,4.729599952697754,4.742388666152954
2022-05-30,4.752399921417236,4.750181550979614
2022-05-31,4.730400085449219,4.7385418329238895
2022-06-01,4.815499782562256,4.796215268135071
2022-06-02,4.795700073242188,4.801945678710937
2022-06-03,4.775000095367432,4.79551178073883
2022-06-06,4.7941999435424805,4.795173889160156
2022-06-07,4.867526054382324,4.839852143287659
2022-06-08,4.898099899291992,4.889420225143432
2022-06-09,4.903299808502197,4.918945298194886
2022-06-10,4.984000205993652,4.9723615007400515
2022-06-13,5.113399982452393,5.088166509628296
2022-06-14,5.116099834442139,5.103848261833191
2022-06-15,5.052000045776367,5.08740740776062
2022-06-16,5.052199840545654,5.077516702651978
2022-06-17,5.152100086212158,5.11974415397644
2022-06-20,5.18720006942749,5.178239246368408
2022-06-21,5.122799873352051,5.167177091598511
2022-06-22,5.193600177764893,5.171324913978577
2022-06-23,5.23799991607666,5.223694276809693
2022-06-24,5.241399765014648,5.251339274406433
2022-06-27,5.236800193786621,5.236984909057617
2022-06-28,5.266600131988525,5.253401090621948
2022-06-29,5.180900096893311,5.219409167289734
2022-06-30,5.251999855041504,5.231032513618469
2022-07-01,5.330999851226807,5.302979360580444
2022-07-04,5.3282999992370605,5.337713121414184
2022-07-05,5.385200023651123,5.360836240768433
2022-07-06,5.427999973297119,5.423327642440796
2022-07-07,5.338200092315674,5.365480346679687
2022-07-08,5.254000186920166,5.280612265586853
2022-07-11,5.377200126647949,5.345900868415833
2022-07-12,5.436500072479248,5.414330346107483
2022-07-13,5.390900135040283,5.402498501777649
2022-07-14,5.422800064086914,5.423537882804871
2022-07-15,5.410099983215332,5.413315204620361
2022-07-18,5.436800003051758,5.429408315658569
2022-07-19,5.413099765777588,5.409101329803467
2022-07-20,5.470200061798096,5.450708810806274
2022-07-21,5.497799873352051,5.4826240062713625
2022-07-22,5.496699810028076,5.471415069580078
2022-07-25,5.356299877166748,5.408860227584839
2022-07-26,5.350100040435791,5.334010902404785
2022-07-27,5.243000030517578,5.27710688495636
2022-07-28,5.182700157165527,5.21407468509674
2022-07-29,5.171199798583984,5.191812291145324
2022-08-01,5.184000015258789,5.173189596176147
2022-08-02,5.277699947357178,5.246173762321472
2022-08-03,5.282700061798096,5.273306702613831
2022-08-04,5.211100101470947,5.243080745697021
2022-08-05,5.164599895477295,5.174829885482788
2022-08-08,5.110099792480469,5.1311335344314575
2022-08-09,5.123700141906738,5.116910784721375
2022-08-10,5.093699932098389,5.107785726547241
2022-08-11,5.1570000648498535,5.133850317955017
2022-08-12,5.074900150299072,5.097122096061707
2022-08-15,5.095600128173828,5.0852225275039675
2022-08-16,5.1417388916015625,5.129781087875366
2022-08-17,5.164999961853027,5.147223462104797
2022-08-18,5.166999816894531,5.1557291221618655
2022-08-19,5.168399810791016,5.155446764945984
2022-08-22,5.156099796295166,5.154923456192017
2022-08-23,5.103499889373779,5.107856531143188
2022-08-24,5.110099792480469,5.106120051383972
2022-08-25,5.108699798583984,5.104859010696411
2022-08-26,5.0625,5.079828518867493
2022-08-29,5.027200222015381,5.0495384397506715
2022-08-30,5.1219000816345215,5.0960135135650635
2022-08-31,5.181700229644775,5.170894633293152
2022-09-01,5.2403998374938965,5.2211188192367555
2022-09-02,5.171000003814697,5.1878242034912105
2022-09-05,5.153900146484375,5.159564039230347
2022-09-06,5.247200012207031,5.226085663795471
2022-09-07,5.246699810028076,5.235591058731079
2022-09-08,5.2133002281188965,5.218714613914489
2022-09-09,5.146299839019775,5.163982734680176
2022-09-12,5.0920000076293945,5.111988751411438
2022-09-13,5.189799785614014,5.170938451766967
2022-09-14,5.162700176239014,5.183188714981079
2022-09-15,5.246099948883057,5.233730719566346
2022-09-16,5.250699996948242,5.236797918319702
2022-09-19,5.170899868011475,5.1886035318374635
2022-09-20,5.141499996185303,5.151424207687378
2022-09-21,5.170400142669678,5.1696599578857425
2022-09-22,5.115499973297119,5.129404582977295
2022-09-23,5.258800029754639,5.2138719663619995
2022-09-26,5.389400005340576,5.345933658599853
2022-09-27,5.378099918365479,5.384696448326111
2022-09-28,5.374199867248535,5.382843746185303
2022-09-29,5.396200180053711,5.3888063163757325
2022-09-30,5.414299964904785,5.398181879043579
2022-10-03,5.16349983215332,5.241048021316528
2022-10-04,5.17579984664917,5.199127683639526
2022-10-05,5.195199966430664,5.193644067764282
2022-10-06,5.220099925994873,5.20897852230072
2022-10-07,5.198400020599365,5.2167810564041135
2022-10-10,5.186800003051758,5.205220194816589
2022-10-11,5.292099952697754,5.257540640830993
2022-10-12,5.291500091552734,5.286101488113403
2022-10-13,5.259799957275391,5.262864296913147
2022-10-14,5.327400207519531,5.302912364959717
2022-10-17,5.277359008789063,5.294786587715149
2022-10-18,5.239799976348877,5.244180704116821
2022-10-19,5.269199848175049,5.248735865592956
2022-10-20,5.216599941253662,5.229993909835815
2022-10-21,5.163400173187256,5.179331702232361
2022-10-24,5.30620002746582,5.251501188278199
2022-10-25,5.315199851989746,5.309484336853028
2022-10-26,5.383900165557861,5.354486821174621
2022-10-27,5.339200019836426,5.321070344924927
2022-10-28,5.28849983215332,5.294461577415467
2022-10-31,5.178800106048584,5.213993411064148
2022-11-01,5.142399787902832,5.18599652671814
2022-11-02,5.142600059509277,5.139104294776916
2022-11-03,5.1149001121521,5.129549946784973
2022-11-04,5.078132152557373,5.092879910469055
2022-11-07,5.153326988220215,5.13594515991211
2022-11-08,5.14300012588501,5.154140454292297
2022-11-09,5.185200214385986,5.16815016746521
2022-11-10,5.341579914093018,5.288647329330444
2022-11-11,5.279058933258057,5.294001465797424
2022-11-14,5.331200122833252,5.293039470672608
2022-11-15,5.331699848175049,5.336137735366822
2022-11-16,5.39900016784668,5.36875112915039
2022-11-17,5.422100067138672,5.393615242958069
2022-11-18,5.38129997253418,5.373476021766662
2022-11-21,5.318600177764893,5.342401711463928
2022-11-22,5.357699871063232,5.355969298362732
2022-11-23,5.35830020904541,5.345798085212707
2022-11-24,5.320000171661377,5.3241128282547
2022-11-25,5.4085001945495605,5.3756904668807985
2022-11-28,5.364699840545654,5.367027298927307
2022-11-29,5.268199920654297,5.301207592964173
2022-11-30,5.181589126586914,5.227704437255859
2022-12-01,5.183599948883057,5.191640246391296
2022-12-02,5.2179999351501465,5.215282464981079
2022-12-05,5.28000020980835,5.263483267784118
2022-12-06,5.234000205993652,5.250628527641297
2022-12-07,5.203999996185303,5.2225811567306515
2022-12-08,5.224299907684326,5.214036999702453
2022-12-09,5.235000133514404,5.242567730903626
2022-12-12,5.321300029754639,5.2784544382095335
2022-12-13,5.292799949645996,5.301421969413758
2022-12-14,5.277200222015381,5.274401149749756
2022-12-15,5.311800003051758,5.288088243484497
2022-12-16,5.306509017944336,5.308185524940491
2022-12-19,5.291600227355957,5.288850484848022
2022-12-20,5.198400020599365,5.234017944335937
2022-12-21,5.199900150299072,5.198308676719665
2022-12-22,5.165599822998047,5.18405811214447
2022-12-23,5.164299964904785,5.179708409309387
2022-12-26,5.21750020980835,5.204561923980713
2022-12-27,5.292300224304199,5.270705600738525
2022-12-28,5.2667999267578125,5.267729549407959
2022-12-29,5.284599781036377,5.274879452705384
2022-12-30,5.2855000495910645,5.275559966087341
2023-01-02,5.360130786895752,5.319299836158752
2023-01-03,5.478499889373779,5.416962503433227
2023-01-04,5.430099964141846,5.435004553794861
2023-01-05,5.349800109863281,5.361223459243774
2023-01-06,5.224400043487549,5.289292729377746
2023-01-09,5.253699779510498,5.246679932594299
2023-01-10,5.198299884796143,5.227631799697876
2023-01-11,5.1585001945495605,5.170326066017151
2023-01-12,5.107699871063232,5.128308465957642
2023-01-13,5.080699920654297,5.098945008277893
2023-01-16,5.145999908447266,5.137023211479187
2023-01-17,5.099599838256836,5.117458494186401
2023-01-18,5.185299873352051,5.1580668125152584
2023-01-19,5.172999858856201,5.18538617515564
2023-01-20,5.206299781799316,5.18936244392395
2023-01-23,5.205900192260742,5.189585335731507
2023-01-24,5.138400077819824,5.15548067855835
2023-01-25,5.072199821472168,5.091209545135498
2023-01-26,5.062745094299316,5.071777540206909
2023-01-27,5.107200145721436,5.088548890113831
2023-01-30,5.1149001121521,5.108098613739013
2023-01-31,5.072199821472168,5.08143692111969
2023-02-01,5.053500175476074,5.066800013542175
2023-02-02,5.049200057983398,5.063849148750305
2023-02-03,5.149799823760986,5.106321660995484
2023-02-06,5.145699977874756,5.154442378997802
2023-02-07,5.2093000411987305,5.189847628593445
2023-02-08,5.19950008392334,5.203190028190613
2023-02-09,5.289500236511231,5.256788078308105
2023-02-10,5.213482856750488,5.246511258125305
2023-02-13,5.158400058746338,5.174819553375245
2023-02-14,5.191500186920166,5.179310851097107
2023-02-15,5.2179999351501465,5.216743847846985
2023-02-16,5.216800212860107,5.229391492843628
2023-02-17,5.165168762207031,5.17847057056427
2023-02-20,5.1666998863220215,5.1641289319992065
2023-02-21,5.166500091552734,5.164582221984864
2023-02-22,5.151199817657471,5.155243890762329
2023-02-23,5.136199951171875,5.152879779815674
2023-02-24,5.207799911499023,5.185528244018554
2023-02-27,5.199699878692627,5.207603588104248
2023-02-28,5.235899925231934,5.23032359790802
2023-03-01,5.178299903869629,5.20660424041748
2023-03-02,5.1996002197265625,5.1953000593185426
2023-03-03,5.194399833679199,5.190722699165344
2023-03-06,5.152200222015381,5.166249646186829
2023-03-07,5.190000057220459,5.179644152641297
2023-03-08,5.144400119781494,5.162167536735534
2023-03-09,5.163700103759766,5.1680209875106815
2023-03-10,5.21560001373291,5.206368242263794
2023-03-13,5.245699882507324,5.227231211662293
2023-03-14,5.251699924468994,5.243754776000976
2023-03-15,5.287099838256836,5.270086067199707
2023-03-16,5.229599952697754,5.236005973815918
2023-03-17,5.2778000831604,5.266079139709473
2023-03-20,5.235700130462647,5.240411938667298
2023-03-21,5.240900039672852,5.2432042474746705
2023-03-22,5.236100196838379,5.234906334877014
2023-03-23,5.29670000076294,5.277843614578247
2023-03-24,5.245100021362305,5.263036616325379
2023-03-27,5.197100162506104,5.217695734977722
2023-03-28,5.164400100708008,5.179389625549317
2023-03-29,5.134200096130371,5.147107007980346
2023-03-30,5.092700004577637,5.110168716430664
2023-03-31,5.062300205230713,5.0789200191497805
2023-04-03,5.06309986114502,5.058308215141296
2023-04-04,5.070700168609619,5.0598751745224
2023-04-05,5.033199787139893,5.040420503616333
2023-04-06,5.058300018310547,5.046200028419495
2023-04-07,5.054399967193604,5.053897691726685
2023-04-10,5.065299987792969,5.058721599578857
2023-04-11,5.004000186920166,5.026337516784668
2023-04-12,4.916900157928467,4.951006830215454
2023-04-13,4.926700115203857,4.927444048881531
2023-04-14,4.908699989318848,4.921868767738342
2023-04-17,4.939799785614014,4.93918188381195
2023-04-18,4.984300136566162,4.97906962966919
2023-04-19,5.074299812316895,5.039427132606506
2023-04-20,5.047699928283691,5.049141514778137
2023-04-21,5.047900199890137,5.04203554725647
2023-04-24,5.033400058746338,5.0361336851119995
2023-04-25,5.053100109100342,5.043220492362976
2023-04-26,5.043000221252441,5.040408371925354
2023-04-27,4.976200103759766,4.99998149394989
2023-04-28,4.986000061035156,4.99797407245636
2023-05-01,4.9878997802734375,4.995340689659119
2023-05-02,5.038400173187256,5.017019227981567
2023-05-03,4.994400024414063,5.0107002382278445
2023-05-04,4.982600212097168,4.993621618270874
2023-05-05,4.951700210571289,4.968404141426086
2023-05-08,5.007999897003174,4.9921933441162105
2023-05-09,4.985899925231934,4.996548054695129
2023-05-10,4.94290018081665,4.955633393287659
2023-05-11,4.929500102996826,4.943807648658752
2023-05-12,4.920199871063232,4.918609279632569
2023-05-15,4.887899875640869,4.900704033851624
2023-05-16,4.93940019607544,4.929454918861389
2023-05-17,4.937699794769287,4.949905261039734
2023-05-18,4.964399814605713,4.961612057685852
2023-05-19,4.996799945831299,4.992794974327087
2023-05-22,4.966100215911865,4.975048914909363
2023-05-23,4.971199989318848,4.975033073425293
2023-05-24,4.958600044250488,4.96178450679779
2023-05-25,5.035200119018555,5.007927659988403
2023-05-26,4.992800235748291,5.004791254043579
2023-05-29,5.018099784851074,5.000993189811706
2023-05-30,5.034800052642822,5.025317775726318
2023-05-31,5.054800033569336,5.037891860961914
2023-06-01,5.0131001472473145,5.022539469718933
2023-06-02,4.956600189208984,4.974636318206787
2023-06-05,4.925600051879883,4.9410311832427976
2023-06-06,4.912000179290772,4.914921875953675
2023-06-07,4.922399997711182,4.919476522445679
2023-06-08,4.922100067138672,4.914901566505432
2023-06-09,4.877900123596191,4.890528336524963
2023-06-12,4.860599994659424,4.861960693359375
2023-06-13,4.861000061035156,4.854511142730713
2023-06-14,4.815000057220459,4.8275054397583
2023-06-15,4.809199810028076,4.812525491714478
2023-06-16,4.807000160217285,4.8071195449829105
2023-06-19,4.776899814605713,4.7921030874252315
2023-06-20,4.789299964904785,4.785969330787658
2023-06-21,4.76230001449585,4.778083589553833
2023-06-22,4.7697367668151855,4.773260999679565
2023-06-23,4.7855000495910645,4.78058880329132
2023-06-26,4.767300128936768,4.780626245498658
2023-06-27,4.810500144958496,4.793776880264282
2023-06-28,4.850500106811523,4.834362657546997
2023-06-29,4.855599880218506,4.844062237739563
2023-06-30,4.784200191497803,4.807706402778625
2023-07-03,4.80649995803833,4.794663889884949
2023-07-04,4.839900016784668,4.826181790351868
2023-07-05,4.8471999168396,4.853710758209228
2023-07-06,4.918700218200684,4.89131411075592
2023-07-07,4.8709001541137695,4.879818866729736
2023-07-10,4.898200035095215,4.882939824104309
2023-07-11,4.851500034332275,4.865662586212158
2023-07-12,4.81689977645874,4.834149544715881
2023-07-13,4.7947998046875,4.802090459823608
2023-07-14,4.788099765777588,4.795296975135804
2023-07-17,4.805799961090088,4.797484585762024
2023-07-18,4.809299945831299,4.803730513572693
2023-07-19,4.789899826049805,4.794835253715515
2023-07-20,4.796899795532227,4.79756352519989
2023-07-21,4.777400016784668,4.7837687730789185
2023-07-24,4.725500106811523,4.746180919647217
2023-07-25,4.748899936676025,4.742587423324585
2023-07-26,4.736199855804443,4.736387386322021
2023-07-27,4.741600036621094,4.741450030326844
2023-07-28,4.723299980163574,4.732249581336975
2023-07-31,4.724699974060059,4.725738971710205
2023-08-01,4.791999816894531,4.770613576889038
2023-08-02,4.810400009155273,4.825177399635315
2023-08-03,4.916399955749512,4.8809931640625
2023-08-04,4.88539981842041,4.892216049194336
2023-08-07,4.89900016784668,4.8928607578277585
2023-08-08,4.898600101470947,4.897570858001709
2023-08-09,4.901700019836426,4.902064399719238
2023-08-10,4.891499996185303,4.895147389411926
2023-08-11,4.910999774932861,4.9033645877838135
2023-08-14,4.962100028991699,4.937912605285645
2023-08-15,4.983200073242188,4.9719296607971195
2023-08-16,4.9868998527526855,4.975279146194458
2023-08-17,4.975500106811523,4.973342368125915
2023-08-18,4.966899871826172,4.970507367134094
2023-08-21,4.978700160980225,4.977185501098633
2023-08-22,4.937099933624268,4.949630295753479
2023-08-23,4.855100154876709,4.890544680595398
2023-08-24,4.880300045013428,4.8813590278625485
2023-08-25,4.870399951934815,4.884894369125366
2023-08-28,4.872600078582764,4.873655999183655
2023-08-29,4.85129976272583,4.86460941696167
2023-08-30,4.888400077819824,4.881183319091797
2023-08-31,4.953800201416016,4.93384211063385
2023-09-01,4.97629976272583,4.961079021453857
2023-09-04,4.936200141906738,4.947659756660461
2023-09-05,4.966700077056885,4.956461301803589
2023-09-06,4.977000236511231,4.976123339653015
2023-09-07,4.976099967956543,4.970456824302674
2023-09-08,4.982999801635742,4.977554737091064
2023-09-11,4.929399967193604,4.940971336364746
2023-09-12,4.946599960327148,4.931905026435852
2023-09-13,4.91540002822876,4.930089521408081
2023-09-14,4.868199825286865,4.884871233940125
2023-09-15,4.867000102996826,4.867293710708618
2023-09-18,4.853700160980225,4.861194494247436
2023-09-19,4.865799903869629,4.865477014541626
2023-09-20,4.878799915313721,4.8777077102661135
2023-09-21,4.934899806976318,4.917470382690429
2023-09-22,4.933899879455566,4.940251251220703
2023-09-25,4.968299865722656,4.955657529830932
2023-09-26,4.986199855804443,4.986603176116943
2023-09-27,5.042200088500977,5.015786967277527
2023-09-28,5.032800197601318,5.039705639839172
2023-09-29,5.042799949645996,5.037657279014588
2023-10-02,5.061500072479248,5.054518855094909
2023-10-03,5.166299819946289,5.1189081754684445
2023-10-04,5.154600143432617,5.154296514511109
2023-10-05,5.164999961853027,5.15407008934021
2023-10-06,5.145699977874756,5.145722999572754
2023-10-09,5.135200023651123,5.126495673179626
2023-10-10,5.051000118255615,5.084545150756836
2023-10-11,5.049600124359131,5.047433769226074
2023-10-12,5.045899868011475,5.045384556770324
2023-10-13,5.048200130462647,5.0471104764938355
2023-10-16,5.037600040435791,5.041581431388855
2023-10-17,5.037399768829346,5.039154584884644
2023-10-18,5.056099891662598,5.0514709768295285
2023-10-19,5.062900066375732,5.062957637786865
2023-10-20,5.031300067901611,5.058781291007995
2023-10-23,5.01230001449585,5.018443841934204
2023-10-24,4.991000175476074,4.996598686218261
2023-10-25,4.994699954986572,4.987832213401794
2023-10-26,4.985300064086914,4.983000286102295
2023-10-27,4.952030181884766,4.963951622962951
2023-10-30,5.04610013961792,5.011411960601807
2023-10-31,5.03410005569458,5.035041521072388
2023-11-01,4.953700065612793,4.983930886268616
2023-11-02,4.952899932861328,4.9479944648742675
2023-11-03,4.899199962615967,4.915014004707336
2023-11-06,4.884099960327148,4.889878995895386
2023-11-07,4.871500015258789,4.881846223831177
2023-11-08,4.909299850463867,4.895983166694641
2023-11-09,4.933899879455566,4.914701457977295
2023-11-10,4.893379211425781,4.904707501411438
2023-11-13,4.906199932098389,4.898420708656311
2023-11-14,4.864500045776367,4.878183951377869
2023-11-15,4.860899925231934,4.861339537620545
2023-11-16,4.862199783325195,4.863067584991455
2023-11-17,4.819177150726318,4.842317274093628
2023-11-20,4.851799964904785,4.845848850250244
2023-11-21,4.8993000984191895,4.885709447860718
2023-11-22,4.9054999351501465,4.901219269752502
2023-11-23,4.902500152587891,4.904562331199646
2023-11-24,4.900899887084961,4.904186742782593
2023-11-27,4.895500183105469,4.896849155426025
2023-11-28,4.869800090789795,4.883809766769409
2023-11-29,4.904099941253662,4.893967600822449
2023-11-30,4.923099994659424,4.917153795242309
2023-12-01,4.902159214019775,4.906645857810974
2023-12-04,4.9430999755859375,4.930519461631775
2023-12-05,4.927700042724609,4.93305157661438
2023-12-06,4.901199817657471,4.906540874481201
2023-12-07,4.910099983215332,4.910983734130859
2023-12-08,4.893286228179932,4.903623332023621
2023-12-11,4.936699867248535,4.922460753440857
2023-12-12,4.964499950408936,4.946006838798523
2023-12-13,4.918399810791016,4.935758744239807
2023-12-14,4.914599895477295,4.91005840587616
2023-12-15,4.919657230377197,4.91499551486969
2023-12-18,4.895899772644043,4.8998358554840085
2023-12-19,4.866499900817871,4.872369389533997
2023-12-20,4.914599895477295,4.894351543426514
2023-12-21,4.881800174713135,4.889346342086792
2023-12-22,4.86984395980835,4.872814024925232
2023-12-25,4.869743824005127,4.867327180862427
2023-12-26,4.813499927520752,4.835309522628784
2023-12-27,4.826099872589111,4.832588664054871
2023-12-28,4.850200176239014,4.841712447166443
2023-12-29,4.850500106811523,4.850863495826721
2024-01-01,4.852399826049805,4.862598450660705
2024-01-02,4.922500133514404,4.903361553192139
2024-01-03,4.9191999435424805,4.913476719856262
2024-01-04,4.895599842071533,4.901994354248047
2024-01-05,4.8606672286987305,4.870997842788697
2024-01-08,4.86899995803833,4.8774694786071775
2024-01-09,4.905099868774414,4.894875486373901
2024-01-10,4.89139986038208,4.898061693191528
2024-01-11,4.869699954986572,4.88060765838623
2024-01-12,4.85290002822876,4.8661984167099
2024-01-15,4.862199783325195,4.869897072792053
2024-01-16,4.924900054931641,4.9034666242599485
2024-01-17,4.934000015258789,4.92594119644165
2024-01-18,4.92609977722168,4.9280814342498775
2024-01-19,4.904642105102539,4.916347017288208
2024-01-22,4.98829984664917,4.957769989013672
2024-01-23,4.952199935913086,4.9584429054260255
2024-01-24,4.932499885559082,4.937228580474853
2024-01-25,4.915800094604492,4.924851997375488
2024-01-26,4.913599967956543,4.921224388122559
2024-01-29,4.950200080871582,4.939178924560547
2024-01-30,4.950300216674805,4.948270783424378
2024-01-31,4.951900005340576,4.9444201993942265
2024-02-01,4.914999961853027,4.929896395683288
2024-02-02,4.932938098907471,4.93822682094574
2024-02-05,4.949943065643311,4.948339471817016
2024-02-06,4.962299823760986,4.952461285591125
2024-02-07,4.969299793243408,4.965849255561829
2024-02-08,4.991899967193604,4.982082004547119
2024-02-09,4.953100204467773,4.961770886421204
2024-02-12,4.952199935913086,4.954395964622497
2024-02-13,4.952000141143799,4.951168652534485
2024-02-14,4.968299865722656,4.964840460777283
2024-02-15,4.972400188446045,4.973868304252624
2024-02-16,4.965099811553955,4.964469913482666
2024-02-19,4.956399917602539,4.958338547706604
2024-02-20,4.926400184631348,4.937479702949524
2024-02-21,4.934899806976318,4.9359664621353145
2024-02-22,4.962399959564209,4.9609155807495116
2024-02-23,4.993500232696533,4.981789207458496
2024-02-26,4.978899955749512,4.971068185806274
2024-02-27,4.932400226593018,4.944862137794495
2024-02-28,4.967299938201904,4.959054676055908
2024-02-29,4.969799995422363,4.970030028343201
2024-03-01,4.952700138092041,4.961811855316162
2024-03-04,4.944900035858154,4.945361742973327
2024-03-05,4.957099914550781,4.953484605789185
2024-03-06,4.943600177764893,4.946444669723511
2024-03-07,4.933800220489502,4.940709313392639
2024-03-08,4.977540016174316,4.96451016330719
2024-03-11,4.977399826049805,4.973284223556519
2024-03-12,4.968699932098389,4.971676511764526
2024-03-13,4.969200134277344,4.9737658672332765
2024-03-14,4.992700099945068,4.986103807449341
2024-03-15,4.968047142028809,4.971682928085327
2024-03-18,5.029399871826172,5.011725266456604
2024-03-19,5.03000020980835,5.018678198814392
2024-03-20,4.96619987487793,4.985370121955872
2024-03-21,4.974500179290772,4.97794132900238
2024-03-22,5.000899791717529,4.993260896682739
2024-03-25,4.9721999168396,4.979660443305969
2024-03-26,4.9756999015808105,4.980798524856567
2024-03-27,4.990300178527832,4.99034008026123
2024-03-28,5.014100074768066,5.004830822944641
2024-03-29,5.013199806213379,5.012113881111145
2024-04-01,5.053599834442139,5.038052274703979
2024-04-02,5.06440019607544,5.057335547447204
2024-04-03,5.038599967956543,5.053213719367981
2024-04-04,5.057400226593018,5.050706337928772
2024-04-05,5.054900169372559,5.053558888435364
2024-04-08,5.023900032043457,5.036716940879821
2024-04-09,5.007599830627441,5.020244130134582
2024-04-10,5.066199779510498,5.0514176692962645
2024-04-11,5.090400218963623,5.075381839752198
2024-04-12,5.117099761962891,5.112711114883423
2024-04-15,5.183700084686279,5.157948921203613
2024-04-16,5.2855000495910645,5.252473693847656
2024-04-17,5.232600212097168,5.239186995506286
2024-04-18,5.241700172424316,5.231628781318665
2024-04-19,5.206200122833252,5.214931445121765
2024-04-22,5.1656999588012695,5.181716578483582
2024-04-23,5.130499839782715,5.149141269683838
2024-04-24,5.145500183105469,5.144662380218506
