Epoch,loss,val_loss
1,0.2602941691875458,0.15288278460502625
2,0.19857905805110931,0.06447006016969681
3,0.40555065870285034,0.14277464151382446
4,0.19414670765399933,0.0734022706747055
5,0.27890124917030334,0.05479050427675247
6,0.10848700255155563,0.0352262482047081
7,0.10408871620893478,0.0422145277261734
8,0.09361495822668076,0.04131622985005379
9,0.0676795244216919,0.04053989797830582
10,0.07518210262060165,0.02580588310956955
11,0.09177754074335098,0.04878489300608635
12,0.11277789622545242,0.025234155356884003
13,0.05789885297417641,0.023749159649014473
14,0.06966434419155121,0.026222020387649536
15,0.04701892286539078,0.020756786689162254
16,0.062068503350019455,0.021570544689893723
17,0.0857817605137825,0.02320221997797489
18,0.06550569087266922,0.01917925663292408
19,0.0504644401371479,0.03330690413713455
20,0.08511311560869217,0.019993895664811134
21,0.057693928480148315,0.023429857566952705
22,0.09425585716962814,0.03394881635904312
23,0.07992812991142273,0.01952936127781868
24,0.04166027531027794,0.02505221962928772
25,0.05084579810500145,0.03612907975912094
26,0.041755545884370804,0.03974633291363716
27,0.048302534967660904,0.023469526320695877
28,0.07935731112957001,0.017509575933218002
29,0.057435911148786545,0.015670903027057648
30,0.04065562039613724,0.02677684836089611
31,0.061440058052539825,0.028966514393687248
32,0.037171393632888794,0.03739800304174423
33,0.033200062811374664,0.017941901460289955
34,0.026730487123131752,0.014441590756177902
35,0.031145082786679268,0.01831696555018425
36,0.046773530542850494,0.013443631120026112
37,0.04200434312224388,0.01894768327474594
38,0.06817283481359482,0.035856932401657104
39,0.05548959970474243,0.02166512794792652
40,0.03967949375510216,0.027708468958735466
41,0.05394168943166733,0.015684595331549644
42,0.06904105842113495,0.018747961148619652
43,0.041033048182725906,0.02879938669502735
44,0.07052178680896759,0.021221671253442764
45,0.05947386473417282,0.01857958920300007
46,0.0386822409927845,0.01520282868295908
